Image,Cycle_1,Cycle_2,Cycle_3,Cycle_4,Cycle_5,Cycle_6,Cycle_7
0001.png,384821,369828,369828,369828,369828,369828,369828
0002.png,68382,24949,24949,24949,24949,24949,24949
0003.png,335528,296099,296099,296099,296099,296099,296099
0004.png,477000,439827,439827,439827,439827,439827,439827
0005.png,635816,579625,579625,579625,579625,579625,579625
0006.png,609435,590676,590676,590676,590676,590676,590676
0007.png,3779,45935,45935,45935,45935,45935,45935
0008.png,207312,173280,173280,173280,173280,173280,173280
0009.png,304067,220689,220689,220689,220689,220689,220689
0010.png,189454,204477,204477,204477,204477,204477,204477
0011.png,426057,409945,409945,409945,409945,409945,409945
0012.png,385324,363013,363013,363013,363013,363013,363013
0013.png,752726,732166,732166,732166,732166,732166,732166
0014.png,2567804,2471082,2471082,2471082,2471082,2471082,2471082
0015.png,243607,210070,210070,210070,210070,210070,210070
0016.png,107834,68323,68323,68323,68323,68323,68323
0017.png,374345,344554,344554,344554,344554,344554,344554
0018.png,1294227,1266997,1266997,1266997,1266997,1266997,1266997
0019.png,497673,472075,472075,472075,472075,472075,472075
0020.png,577136,544437,544437,544437,544437,544437,544437
0021.png,306453,280061,280061,280061,280061,280061,280061
0022.png,4457,53683,53683,53683,53683,53683,53683
0023.png,489516,488994,488994,488994,488994,488994,488994
0024.png,6534,53345,53345,53345,53345,53345,53345
0025.png,198168,172642,172642,172642,172642,172642,172642
0026.png,806,31409,31409,31409,31409,31409,31409
0027.png,766099,754563,754563,754563,754563,754563,754563
0028.png,295495,231986,231986,231986,231986,231986,231986
0029.png,87182,30406,30406,30406,30406,30406,30406
0030.png,49603,85410,85410,85410,85410,85410,85410
0031.png,525635,498112,498112,498112,498112,498112,498112
0032.png,380782,334545,334545,334545,334545,334545,334545
0033.png,453829,417881,417881,417881,417881,417881,417881
0034.png,671034,627166,627166,627166,627166,627166,627166
0035.png,653684,631146,631146,631146,631146,631146,631146
0036.png,305905,226047,226047,226047,226047,226047,226047
0037.png,326651,251500,251500,251500,251500,251500,251500
0038.png,377361,335194,335194,335194,335194,335194,335194
0039.png,52942,1836,1836,1836,1836,1836,1836
0040.png,339583,315835,315835,315835,315835,315835,315835
0041.png,390129,331517,331517,331517,331517,331517,331517
0042.png,331726,283604,283604,283604,283604,283604,283604
0043.png,692911,662983,662983,662983,662983,662983,662983
0044.png,1143761,1127406,1127406,1127406,1127406,1127406,1127406
0045.png,487067,449121,449121,449121,449121,449121,449121
0046.png,385762,360878,360878,360878,360878,360878,360878
0047.png,176501,115735,115735,115735,115735,115735,115735
0048.png,333811,448929,448929,448929,448929,448929,448929
0049.png,218065,186466,186466,186466,186466,186466,186466
0050.png,158910,109408,109408,109408,109408,109408,109408
0051.png,218975,170050,170050,170050,170050,170050,170050
0052.png,255941,197880,197880,197880,197880,197880,197880
0053.png,375893,336043,336043,336043,336043,336043,336043
0054.png,273849,256140,256140,256140,256140,256140,256140
0055.png,690542,666593,666593,666593,666593,666593,666593
0056.png,558194,514992,514992,514992,514992,514992,514992
0057.png,366978,326312,326312,326312,326312,326312,326312
0058.png,313398,288010,288010,288010,288010,288010,288010
0059.png,33335,95260,95260,95260,95260,95260,95260
0060.png,269013,222873,222873,222873,222873,222873,222873
0061.png,782092,732177,732177,732177,732177,732177,732177
0062.png,210782,129463,129463,129463,129463,129463,129463
0063.png,141842,117046,117046,117046,117046,117046,117046
0064.png,41119,27434,27434,27434,27434,27434,27434
0065.png,113295,163667,163667,163667,163667,163667,163667
0066.png,409980,395177,395177,395177,395177,395177,395177
0067.png,757715,769441,769441,769441,769441,769441,769441
0068.png,167901,165751,165751,165751,165751,165751,165751
0069.png,318946,285199,285199,285199,285199,285199,285199
0070.png,146876,100098,100098,100098,100098,100098,100098
0071.png,373992,347625,347625,347625,347625,347625,347625
0072.png,320338,278174,278174,278174,278174,278174,278174
0073.png,83958,118340,118340,118340,118340,118340,118340
0074.png,448967,416414,416414,416414,416414,416414,416414
0075.png,310356,274590,274590,274590,274590,274590,274590
0076.png,424553,382392,382392,382392,382392,382392,382392
0077.png,910088,882470,882470,882470,882470,882470,882470
0078.png,190965,144572,144572,144572,144572,144572,144572
0079.png,424097,370703,370703,370703,370703,370703,370703
0080.png,21148,83860,83860,83860,83860,83860,83860
0081.png,499117,487004,487004,487004,487004,487004,487004
0082.png,684676,641830,641830,641830,641830,641830,641830
0083.png,35523,11152,11152,11152,11152,11152,11152
0084.png,516533,466871,466871,466871,466871,466871,466871
0085.png,85445,48294,48294,48294,48294,48294,48294
0086.png,539899,463170,463170,463170,463170,463170,463170
0087.png,688322,637584,637584,637584,637584,637584,637584
0088.png,500129,505308,505308,505308,505308,505308,505308
0089.png,665177,651128,651128,651128,651128,651128,651128
0090.png,524993,504410,504410,504410,504410,504410,504410
0091.png,2678,72547,72547,72547,72547,72547,72547
0092.png,75047,9843,9843,9843,9843,9843,9843
0093.png,505016,465046,465046,465046,465046,465046,465046
0094.png,819357,784811,784811,784811,784811,784811,784811
0095.png,578057,538451,538451,538451,538451,538451,538451
0096.png,568529,537443,537443,537443,537443,537443,537443
0097.png,604800,599835,599835,599835,599835,599835,599835
0098.png,183775,144000,144000,144000,144000,144000,144000
0099.png,933567,900548,900548,900548,900548,900548,900548
0100.png,481450,435847,435847,435847,435847,435847,435847
0101.png,447387,384444,384444,384444,384444,384444,384444
0102.png,87627,144113,144113,144113,144113,144113,144113
0103.png,331249,271520,271520,271520,271520,271520,271520
0104.png,716098,654896,654896,654896,654896,654896,654896
0105.png,309518,294771,294771,294771,294771,294771,294771
0106.png,179216,131598,131598,131598,131598,131598,131598
0107.png,331830,303818,303818,303818,303818,303818,303818
0108.png,97084,29335,29335,29335,29335,29335,29335
0109.png,602568,507155,507155,507155,507155,507155,507155
0110.png,189248,165066,165066,165066,165066,165066,165066
0111.png,409150,353577,353577,353577,353577,353577,353577
0112.png,364073,349754,349754,349754,349754,349754,349754
0113.png,376644,354364,354364,354364,354364,354364,354364
0114.png,508323,475530,475530,475530,475530,475530,475530
0115.png,393334,414858,414858,414858,414858,414858,414858
0116.png,353874,332003,332003,332003,332003,332003,332003
0117.png,124975,173383,173383,173383,173383,173383,173383
0118.png,168388,133894,133894,133894,133894,133894,133894
0119.png,754009,696503,696503,696503,696503,696503,696503
0120.png,438394,346825,346825,346825,346825,346825,346825
0121.png,350880,346899,346899,346899,346899,346899,346899
0122.png,343931,331169,331169,331169,331169,331169,331169
0123.png,401825,364676,364676,364676,364676,364676,364676
0124.png,447046,428304,428304,428304,428304,428304,428304
0125.png,535692,504542,504542,504542,504542,504542,504542
0126.png,268250,258490,258490,258490,258490,258490,258490
0127.png,542522,498461,498461,498461,498461,498461,498461
0128.png,131871,113490,113490,113490,113490,113490,113490
0129.png,87381,131909,131909,131909,131909,131909,131909
0130.png,600539,592472,592472,592472,592472,592472,592472
0131.png,233825,174934,174934,174934,174934,174934,174934
0132.png,712960,709128,709128,709128,709128,709128,709128
0133.png,230153,198579,198579,198579,198579,198579,198579
0134.png,692287,637736,637736,637736,637736,637736,637736
0135.png,405891,391158,391158,391158,391158,391158,391158
0136.png,676389,672550,672550,672550,672550,672550,672550
0137.png,562395,525321,525321,525321,525321,525321,525321
0138.png,1498717,1457646,1457646,1457646,1457646,1457646,1457646
0139.png,53926,88706,88706,88706,88706,88706,88706
0140.png,140927,110547,110547,110547,110547,110547,110547
0141.png,630190,579140,579140,579140,579140,579140,579140
0142.png,328972,299833,299833,299833,299833,299833,299833
0143.png,1285016,1236329,1236329,1236329,1236329,1236329,1236329
0144.png,421196,366035,366035,366035,366035,366035,366035
0145.png,5173,6354,6354,6354,6354,6354,6354
0146.png,278121,250349,250349,250349,250349,250349,250349
0147.png,181415,102067,102067,102067,102067,102067,102067
0148.png,472313,441609,441609,441609,441609,441609,441609
0149.png,725999,668769,668769,668769,668769,668769,668769
0150.png,157146,247224,247224,247224,247224,247224,247224
0151.png,585782,511444,511444,511444,511444,511444,511444
0152.png,462358,446722,446722,446722,446722,446722,446722
0153.png,238977,205180,205180,205180,205180,205180,205180
0154.png,482862,428614,428614,428614,428614,428614,428614
0155.png,770563,704915,704915,704915,704915,704915,704915
0156.png,285713,238361,238361,238361,238361,238361,238361
0157.png,710479,716065,716065,716065,716065,716065,716065
0158.png,416618,367920,367920,367920,367920,367920,367920
0159.png,530778,455912,455912,455912,455912,455912,455912
0160.png,167120,129720,129720,129720,129720,129720,129720
0161.png,49242,1734,1734,1734,1734,1734,1734
0162.png,733780,710067,710067,710067,710067,710067,710067
0163.png,277310,290173,290173,290173,290173,290173,290173
0164.png,805160,787634,787634,787634,787634,787634,787634
0165.png,499520,443783,443783,443783,443783,443783,443783
0166.png,887396,888304,888304,888304,888304,888304,888304
0167.png,395646,366180,366180,366180,366180,366180,366180
0168.png,300389,277159,277159,277159,277159,277159,277159
0169.png,592951,564345,564345,564345,564345,564345,564345
0170.png,215449,183006,183006,183006,183006,183006,183006
0171.png,411667,360221,360221,360221,360221,360221,360221
0172.png,73878,38428,38428,38428,38428,38428,38428
0173.png,279619,222211,222211,222211,222211,222211,222211
0174.png,127166,111673,111673,111673,111673,111673,111673
0175.png,312192,286527,286527,286527,286527,286527,286527
0176.png,372217,253978,253978,253978,253978,253978,253978
0177.png,78561,44974,44974,44974,44974,44974,44974
0178.png,333326,295681,295681,295681,295681,295681,295681
0179.png,846609,805731,805731,805731,805731,805731,805731
0180.png,1096319,1058845,1058845,1058845,1058845,1058845,1058845
0181.png,596222,555325,555325,555325,555325,555325,555325
0182.png,660654,640742,640742,640742,640742,640742,640742
0183.png,275154,258734,258734,258734,258734,258734,258734
0184.png,236757,181488,181488,181488,181488,181488,181488
0185.png,623282,620285,620285,620285,620285,620285,620285
0186.png,769428,744962,744962,744962,744962,744962,744962
0187.png,333299,311355,311355,311355,311355,311355,311355
0188.png,863204,822094,822094,822094,822094,822094,822094
0189.png,439533,416482,416482,416482,416482,416482,416482
0190.png,279334,260704,260704,260704,260704,260704,260704
0191.png,646848,617186,617186,617186,617186,617186,617186
0192.png,640457,624108,624108,624108,624108,624108,624108
0193.png,1599180,1570627,1570627,1570627,1570627,1570627,1570627
0194.png,657008,610770,610770,610770,610770,610770,610770
0195.png,637487,599593,599593,599593,599593,599593,599593
0196.png,65388,37115,37115,37115,37115,37115,37115
0197.png,393711,377123,377123,377123,377123,377123,377123
0198.png,613665,590968,590968,590968,590968,590968,590968
0199.png,694660,672772,672772,672772,672772,672772,672772
0200.png,480354,448919,448919,448919,448919,448919,448919
0201.png,218253,176963,176963,176963,176963,176963,176963
0202.png,618088,587306,587306,587306,587306,587306,587306
0203.png,26550,27009,27009,27009,27009,27009,27009
0204.png,454889,426772,426772,426772,426772,426772,426772
0205.png,62594,91999,91999,91999,91999,91999,91999
0206.png,778299,729207,729207,729207,729207,729207,729207
0207.png,79957,48904,48904,48904,48904,48904,48904
0208.png,423057,341617,341617,341617,341617,341617,341617
0209.png,605140,537260,537260,537260,537260,537260,537260
0210.png,137532,86791,86791,86791,86791,86791,86791
0211.png,112596,155687,155687,155687,155687,155687,155687
0212.png,344925,269853,269853,269853,269853,269853,269853
0213.png,103553,180387,180387,180387,180387,180387,180387
0214.png,19896,89962,89962,89962,89962,89962,89962
0215.png,875344,843700,843700,843700,843700,843700,843700
0216.png,309521,352618,352618,352618,352618,352618,352618
0217.png,179490,81470,81470,81470,81470,81470,81470
0218.png,501424,454253,454253,454253,454253,454253,454253
0219.png,1061219,1036455,1036455,1036455,1036455,1036455,1036455
0220.png,516530,459770,459770,459770,459770,459770,459770
0221.png,444817,426635,426635,426635,426635,426635,426635
0222.png,369031,325014,325014,325014,325014,325014,325014
0223.png,629663,604190,604190,604190,604190,604190,604190
0224.png,562317,550086,550086,550086,550086,550086,550086
0225.png,628463,614485,614485,614485,614485,614485,614485
0226.png,165466,117781,117781,117781,117781,117781,117781
0227.png,497526,469774,469774,469774,469774,469774,469774
0228.png,549671,518169,518169,518169,518169,518169,518169
0229.png,53431,91069,91069,91069,91069,91069,91069
0230.png,2543489,2497480,2497480,2497480,2497480,2497480,2497480
0231.png,226956,170353,170353,170353,170353,170353,170353
0232.png,558807,507422,507422,507422,507422,507422,507422
0233.png,940590,881440,881440,881440,881440,881440,881440
0234.png,439323,401985,401985,401985,401985,401985,401985
0235.png,213822,200849,200849,200849,200849,200849,200849
0236.png,257964,238669,238669,238669,238669,238669,238669
0237.png,258202,206977,206977,206977,206977,206977,206977
0238.png,449013,409292,409292,409292,409292,409292,409292
0239.png,517966,493400,493400,493400,493400,493400,493400
0240.png,1073149,1055717,1055717,1055717,1055717,1055717,1055717
0241.png,863112,804871,804871,804871,804871,804871,804871
0242.png,218214,187869,187869,187869,187869,187869,187869
0243.png,23385,1918,1918,1918,1918,1918,1918
0244.png,331610,283280,283280,283280,283280,283280,283280
0245.png,168114,136250,136250,136250,136250,136250,136250
0246.png,125556,76412,76412,76412,76412,76412,76412
0247.png,250626,213336,213336,213336,213336,213336,213336
0248.png,620783,589457,589457,589457,589457,589457,589457
0249.png,349240,328540,328540,328540,328540,328540,328540
0250.png,437902,434776,434776,434776,434776,434776,434776
0251.png,231280,234094,234094,234094,234094,234094,234094
0252.png,424484,403113,403113,403113,403113,403113,403113
0253.png,269442,322630,322630,322630,322630,322630,322630
0254.png,319867,259915,259915,259915,259915,259915,259915
0255.png,384256,331578,331578,331578,331578,331578,331578
0256.png,705832,610552,610552,610552,610552,610552,610552
0257.png,242410,191387,191387,191387,191387,191387,191387
0258.png,132938,192344,192344,192344,192344,192344,192344
0259.png,185014,136606,136606,136606,136606,136606,136606
0260.png,344454,314139,314139,314139,314139,314139,314139
0261.png,29890,38062,38062,38062,38062,38062,38062
0262.png,377604,305684,305684,305684,305684,305684,305684
0263.png,620924,586772,586772,586772,586772,586772,586772
0264.png,179305,114003,114003,114003,114003,114003,114003
0265.png,575900,555074,555074,555074,555074,555074,555074
0266.png,121432,92548,92548,92548,92548,92548,92548
0267.png,218563,235030,235030,235030,235030,235030,235030
0268.png,870222,849592,849592,849592,849592,849592,849592
0269.png,213871,165086,165086,165086,165086,165086,165086
0270.png,244011,229601,229601,229601,229601,229601,229601
0271.png,822491,772510,772510,772510,772510,772510,772510
0272.png,110574,75747,75747,75747,75747,75747,75747
0273.png,436075,426067,426067,426067,426067,426067,426067
0274.png,269268,229855,229855,229855,229855,229855,229855
0275.png,203787,164286,164286,164286,164286,164286,164286
0276.png,716271,664035,664035,664035,664035,664035,664035
0277.png,201120,182628,182628,182628,182628,182628,182628
0278.png,769609,703254,703254,703254,703254,703254,703254
0279.png,576886,519243,519243,519243,519243,519243,519243
0280.png,375861,347334,347334,347334,347334,347334,347334
0281.png,185047,144288,144288,144288,144288,144288,144288
0282.png,509336,474837,474837,474837,474837,474837,474837
0283.png,484591,435043,435043,435043,435043,435043,435043
0284.png,535811,527570,527570,527570,527570,527570,527570
0285.png,454421,413445,413445,413445,413445,413445,413445
0286.png,748793,708836,708836,708836,708836,708836,708836
0287.png,622998,594412,594412,594412,594412,594412,594412
0288.png,193530,151478,151478,151478,151478,151478,151478
0289.png,762090,738094,738094,738094,738094,738094,738094
0290.png,459200,424938,424938,424938,424938,424938,424938
0291.png,83816,55804,55804,55804,55804,55804,55804
0292.png,72880,20874,20874,20874,20874,20874,20874
0293.png,629659,584323,584323,584323,584323,584323,584323
0294.png,312527,318896,318896,318896,318896,318896,318896
0295.png,308646,253776,253776,253776,253776,253776,253776
0296.png,637178,625499,625499,625499,625499,625499,625499
0297.png,90585,70681,70681,70681,70681,70681,70681
0298.png,426736,408550,408550,408550,408550,408550,408550
0299.png,281506,274853,274853,274853,274853,274853,274853
0300.png,216008,173313,173313,173313,173313,173313,173313
0301.png,450478,449010,449010,449010,449010,449010,449010
0302.png,666487,606146,606146,606146,606146,606146,606146
0303.png,322935,275022,275022,275022,275022,275022,275022
0304.png,242134,193408,193408,193408,193408,193408,193408
0305.png,145054,96318,96318,96318,96318,96318,96318
0306.png,217127,185457,185457,185457,185457,185457,185457
0307.png,400092,332279,332279,332279,332279,332279,332279
0308.png,913270,902502,902502,902502,902502,902502,902502
0309.png,290913,258218,258218,258218,258218,258218,258218
0310.png,805175,776904,776904,776904,776904,776904,776904
0311.png,436133,420418,420418,420418,420418,420418,420418
0312.png,41343,20611,20611,20611,20611,20611,20611
0313.png,254160,190552,190552,190552,190552,190552,190552
0314.png,672802,627631,627631,627631,627631,627631,627631
0315.png,50214,12284,12284,12284,12284,12284,12284
0316.png,742983,712603,712603,712603,712603,712603,712603
0317.png,12278,72403,72403,72403,72403,72403,72403
0318.png,368079,340089,340089,340089,340089,340089,340089
0319.png,265234,241181,241181,241181,241181,241181,241181
0320.png,802531,708567,708567,708567,708567,708567,708567
0321.png,352659,308909,308909,308909,308909,308909,308909
0322.png,907298,850186,850186,850186,850186,850186,850186
0323.png,542040,519810,519810,519810,519810,519810,519810
0324.png,18232,71534,71534,71534,71534,71534,71534
0325.png,178109,131892,131892,131892,131892,131892,131892
0326.png,210418,185637,185637,185637,185637,185637,185637
0327.png,1107723,1098907,1098907,1098907,1098907,1098907,1098907
0328.png,125417,153457,153457,153457,153457,153457,153457
0329.png,456716,437814,437814,437814,437814,437814,437814
0330.png,44959,100399,100399,100399,100399,100399,100399
0331.png,685496,674377,674377,674377,674377,674377,674377
0332.png,48338,1215,1215,1215,1215,1215,1215
0333.png,107941,63650,63650,63650,63650,63650,63650
0334.png,225695,174099,174099,174099,174099,174099,174099
0335.png,339091,321005,321005,321005,321005,321005,321005
0336.png,355109,336101,336101,336101,336101,336101,336101
0337.png,633175,598120,598120,598120,598120,598120,598120
0338.png,326853,312213,312213,312213,312213,312213,312213
0339.png,258912,230560,230560,230560,230560,230560,230560
0340.png,227250,197185,197185,197185,197185,197185,197185
0341.png,261656,239133,239133,239133,239133,239133,239133
0342.png,1158350,1128591,1128591,1128591,1128591,1128591,1128591
0343.png,144032,106000,106000,106000,106000,106000,106000
0344.png,66183,36705,36705,36705,36705,36705,36705
0345.png,697602,672957,672957,672957,672957,672957,672957
0346.png,461778,431170,431170,431170,431170,431170,431170
0347.png,170171,112830,112830,112830,112830,112830,112830
0348.png,239822,227352,227352,227352,227352,227352,227352
0349.png,463794,449934,449934,449934,449934,449934,449934
0350.png,352003,308898,308898,308898,308898,308898,308898
0351.png,521893,485386,485386,485386,485386,485386,485386
0352.png,259465,240608,240608,240608,240608,240608,240608
0353.png,619809,569663,569663,569663,569663,569663,569663
0354.png,346736,329253,329253,329253,329253,329253,329253
0355.png,391691,382993,382993,382993,382993,382993,382993
0356.png,169576,109296,109296,109296,109296,109296,109296
0357.png,292446,261821,261821,261821,261821,261821,261821
0358.png,470962,419315,419315,419315,419315,419315,419315
0359.png,1021357,1032670,1032670,1032670,1032670,1032670,1032670
0360.png,1152467,1094499,1094499,1094499,1094499,1094499,1094499
0361.png,539739,485103,485103,485103,485103,485103,485103
0362.png,275195,224533,224533,224533,224533,224533,224533
0363.png,94518,136537,136537,136537,136537,136537,136537
0364.png,483447,486314,486314,486314,486314,486314,486314
0365.png,297780,248061,248061,248061,248061,248061,248061
0366.png,34398,15850,15850,15850,15850,15850,15850
0367.png,541747,539768,539768,539768,539768,539768,539768
0368.png,1043053,1013197,1013197,1013197,1013197,1013197,1013197
0369.png,787271,748339,748339,748339,748339,748339,748339
0370.png,531386,509474,509474,509474,509474,509474,509474
0371.png,701537,649275,649275,649275,649275,649275,649275
0372.png,115883,137865,137865,137865,137865,137865,137865
0373.png,723247,687749,687749,687749,687749,687749,687749
0374.png,668709,622423,622423,622423,622423,622423,622423
0375.png,175249,100858,100858,100858,100858,100858,100858
0376.png,474792,412006,412006,412006,412006,412006,412006
0377.png,243678,220256,220256,220256,220256,220256,220256
0378.png,376450,339857,339857,339857,339857,339857,339857
0379.png,391021,366576,366576,366576,366576,366576,366576
0380.png,25987,84629,84629,84629,84629,84629,84629
0381.png,432473,417958,417958,417958,417958,417958,417958
0382.png,488159,461399,461399,461399,461399,461399,461399
0383.png,417065,387844,387844,387844,387844,387844,387844
0384.png,66077,18260,18260,18260,18260,18260,18260
0385.png,28467,27852,27852,27852,27852,27852,27852
0386.png,934530,869292,869292,869292,869292,869292,869292
0387.png,18589,23890,23890,23890,23890,23890,23890
0388.png,435836,411797,411797,411797,411797,411797,411797
0389.png,1120014,1074357,1074357,1074357,1074357,1074357,1074357
0390.png,508868,447970,447970,447970,447970,447970,447970
0391.png,362474,285113,285113,285113,285113,285113,285113
0392.png,37187,132477,132477,132477,132477,132477,132477
0393.png,471550,390484,390484,390484,390484,390484,390484
0394.png,194358,160338,160338,160338,160338,160338,160338
0395.png,465136,434881,434881,434881,434881,434881,434881
0396.png,437649,396905,396905,396905,396905,396905,396905
0397.png,148106,211355,211355,211355,211355,211355,211355
0398.png,36911,21489,21489,21489,21489,21489,21489
0399.png,1072092,1021347,1021347,1021347,1021347,1021347,1021347
0400.png,615556,583129,583129,583129,583129,583129,583129
0401.png,321795,281676,281676,281676,281676,281676,281676
0402.png,4479,42946,42946,42946,42946,42946,42946
0403.png,281932,267917,267917,267917,267917,267917,267917
0404.png,196761,96986,96986,96986,96986,96986,96986
0405.png,685244,626573,626573,626573,626573,626573,626573
0406.png,474502,454692,454692,454692,454692,454692,454692
0407.png,324285,293649,293649,293649,293649,293649,293649
0408.png,263924,225933,225933,225933,225933,225933,225933
0409.png,322127,294147,294147,294147,294147,294147,294147
0410.png,200917,177670,177670,177670,177670,177670,177670
0411.png,116402,89113,89113,89113,89113,89113,89113
0412.png,325420,277041,277041,277041,277041,277041,277041
0413.png,930501,906616,906616,906616,906616,906616,906616
0414.png,287119,241913,241913,241913,241913,241913,241913
0415.png,755079,734297,734297,734297,734297,734297,734297
0416.png,379724,373022,373022,373022,373022,373022,373022
0417.png,360277,321042,321042,321042,321042,321042,321042
0418.png,271033,231682,231682,231682,231682,231682,231682
0419.png,228113,196529,196529,196529,196529,196529,196529
0420.png,417449,388189,388189,388189,388189,388189,388189
0421.png,577859,548410,548410,548410,548410,548410,548410
0422.png,768947,724314,724314,724314,724314,724314,724314
0423.png,295637,281971,281971,281971,281971,281971,281971
0424.png,666616,619405,619405,619405,619405,619405,619405
0425.png,204258,134195,134195,134195,134195,134195,134195
0426.png,58876,113926,113926,113926,113926,113926,113926
0427.png,103257,151174,151174,151174,151174,151174,151174
0428.png,210296,191633,191633,191633,191633,191633,191633
0429.png,303086,276093,276093,276093,276093,276093,276093
0430.png,635136,605416,605416,605416,605416,605416,605416
0431.png,514319,421814,421814,421814,421814,421814,421814
0432.png,491721,443465,443465,443465,443465,443465,443465
0433.png,112109,146450,146450,146450,146450,146450,146450
0434.png,280882,260729,260729,260729,260729,260729,260729
0435.png,306365,299058,299058,299058,299058,299058,299058
0436.png,534824,479231,479231,479231,479231,479231,479231
0437.png,68414,58133,58133,58133,58133,58133,58133
0438.png,185872,135545,135545,135545,135545,135545,135545
0439.png,264157,224076,224076,224076,224076,224076,224076
0440.png,302812,262262,262262,262262,262262,262262,262262
0441.png,496249,453922,453922,453922,453922,453922,453922
0442.png,187247,119773,119773,119773,119773,119773,119773
0443.png,73643,42298,42298,42298,42298,42298,42298
0444.png,1088704,1036448,1036448,1036448,1036448,1036448,1036448
0445.png,560702,547030,547030,547030,547030,547030,547030
0446.png,228360,190341,190341,190341,190341,190341,190341
0447.png,345294,287185,287185,287185,287185,287185,287185
0448.png,240046,182594,182594,182594,182594,182594,182594
0449.png,112894,11967,11967,11967,11967,11967,11967
0450.png,566466,459831,459831,459831,459831,459831,459831
0451.png,406644,360386,360386,360386,360386,360386,360386
0452.png,524161,488273,488273,488273,488273,488273,488273
0453.png,789411,728619,728619,728619,728619,728619,728619
0454.png,744660,690527,690527,690527,690527,690527,690527
0455.png,823675,795243,795243,795243,795243,795243,795243
0456.png,588988,575654,575654,575654,575654,575654,575654
0457.png,558458,517472,517472,517472,517472,517472,517472
0458.png,362618,328508,328508,328508,328508,328508,328508
0459.png,366671,330390,330390,330390,330390,330390,330390
0460.png,1287907,1178693,1178693,1178693,1178693,1178693,1178693
0461.png,568993,545730,545730,545730,545730,545730,545730
0462.png,25278,26299,26299,26299,26299,26299,26299
0463.png,546268,492805,492805,492805,492805,492805,492805
0464.png,430679,359813,359813,359813,359813,359813,359813
0465.png,391813,379844,379844,379844,379844,379844,379844
0466.png,359441,306794,306794,306794,306794,306794,306794
0467.png,440039,410823,410823,410823,410823,410823,410823
0468.png,527413,489225,489225,489225,489225,489225,489225
0469.png,266942,246069,246069,246069,246069,246069,246069
0470.png,199201,162448,162448,162448,162448,162448,162448
0471.png,207627,126102,126102,126102,126102,126102,126102
0472.png,157127,132096,132096,132096,132096,132096,132096
0473.png,569016,500772,500772,500772,500772,500772,500772
0474.png,67915,24952,24952,24952,24952,24952,24952
0475.png,348442,337817,337817,337817,337817,337817,337817
0476.png,569664,535604,535604,535604,535604,535604,535604
0477.png,552403,519368,519368,519368,519368,519368,519368
0478.png,830272,802771,802771,802771,802771,802771,802771
0479.png,344874,326953,326953,326953,326953,326953,326953
0480.png,249203,226527,226527,226527,226527,226527,226527
0481.png,339090,304572,304572,304572,304572,304572,304572
0482.png,331032,280206,280206,280206,280206,280206,280206
0483.png,1015049,972544,972544,972544,972544,972544,972544
0484.png,207513,188993,188993,188993,188993,188993,188993
0485.png,394017,352575,352575,352575,352575,352575,352575
0486.png,793818,758215,758215,758215,758215,758215,758215
0487.png,378067,326606,326606,326606,326606,326606,326606
0488.png,473297,417960,417960,417960,417960,417960,417960
0489.png,423610,393768,393768,393768,393768,393768,393768
0490.png,506343,448927,448927,448927,448927,448927,448927
0491.png,325034,314846,314846,314846,314846,314846,314846
0492.png,133749,84996,84996,84996,84996,84996,84996
0493.png,818973,774582,774582,774582,774582,774582,774582
0494.png,307689,297745,297745,297745,297745,297745,297745
0495.png,366599,357039,357039,357039,357039,357039,357039
0496.png,706839,683938,683938,683938,683938,683938,683938
0497.png,158531,134388,134388,134388,134388,134388,134388
0498.png,693996,629349,629349,629349,629349,629349,629349
0499.png,95883,70789,70789,70789,70789,70789,70789
0500.png,163015,107996,107996,107996,107996,107996,107996
0501.png,547776,485697,485697,485697,485697,485697,485697
0502.png,405603,378709,378709,378709,378709,378709,378709
0503.png,480700,439410,439410,439410,439410,439410,439410
0504.png,418108,385870,385870,385870,385870,385870,385870
0505.png,280755,365898,365898,365898,365898,365898,365898
0506.png,540468,491149,491149,491149,491149,491149,491149
0507.png,1176905,1151148,1151148,1151148,1151148,1151148,1151148
0508.png,386690,367165,367165,367165,367165,367165,367165
0509.png,1567377,1537402,1537402,1537402,1537402,1537402,1537402
0510.png,334956,303779,303779,303779,303779,303779,303779
0511.png,399340,368291,368291,368291,368291,368291,368291
0512.png,932823,881072,881072,881072,881072,881072,881072
0513.png,957490,765389,765389,765389,765389,765389,765389
0514.png,495644,436775,436775,436775,436775,436775,436775
0515.png,2270,23353,23353,23353,23353,23353,23353
0516.png,1070150,1024058,1024058,1024058,1024058,1024058,1024058
0517.png,271151,210206,210206,210206,210206,210206,210206
0518.png,166288,119491,119491,119491,119491,119491,119491
0519.png,656832,632959,632959,632959,632959,632959,632959
0520.png,1008336,966991,966991,966991,966991,966991,966991
0521.png,800498,755053,755053,755053,755053,755053,755053
0522.png,373941,361786,361786,361786,361786,361786,361786
0523.png,55227,32842,32842,32842,32842,32842,32842
0524.png,340688,314082,314082,314082,314082,314082,314082
0525.png,1514,76363,76363,76363,76363,76363,76363
0526.png,27075,71926,71926,71926,71926,71926,71926
0527.png,95237,65290,65290,65290,65290,65290,65290
0528.png,519907,504507,504507,504507,504507,504507,504507
0529.png,86985,44789,44789,44789,44789,44789,44789
0530.png,521120,511181,511181,511181,511181,511181,511181
0531.png,119072,74360,74360,74360,74360,74360,74360
0532.png,672817,649267,649267,649267,649267,649267,649267
0533.png,1009890,955560,955560,955560,955560,955560,955560
0534.png,462834,429142,429142,429142,429142,429142,429142
0535.png,311902,269706,269706,269706,269706,269706,269706
0536.png,620613,556011,556011,556011,556011,556011,556011
0537.png,207378,137481,137481,137481,137481,137481,137481
0538.png,173672,128195,128195,128195,128195,128195,128195
0539.png,422605,392111,392111,392111,392111,392111,392111
0540.png,591867,578836,578836,578836,578836,578836,578836
0541.png,295420,263896,263896,263896,263896,263896,263896
0542.png,73602,103154,103154,103154,103154,103154,103154
0543.png,812024,822831,822831,822831,822831,822831,822831
0544.png,363761,310881,310881,310881,310881,310881,310881
0545.png,90668,40474,40474,40474,40474,40474,40474
0546.png,1314191,1257573,1257573,1257573,1257573,1257573,1257573
0547.png,365186,338100,338100,338100,338100,338100,338100
0548.png,571131,533071,533071,533071,533071,533071,533071
0549.png,73210,105446,105446,105446,105446,105446,105446
0550.png,333237,312698,312698,312698,312698,312698,312698
0551.png,173426,119397,119397,119397,119397,119397,119397
0552.png,232529,183555,183555,183555,183555,183555,183555
0553.png,152434,116422,116422,116422,116422,116422,116422
0554.png,334674,286772,286772,286772,286772,286772,286772
0555.png,229277,186911,186911,186911,186911,186911,186911
0556.png,402622,330452,330452,330452,330452,330452,330452
0557.png,383907,347910,347910,347910,347910,347910,347910
0558.png,487543,439447,439447,439447,439447,439447,439447
0559.png,38115,8768,8768,8768,8768,8768,8768
0560.png,697140,693832,693832,693832,693832,693832,693832
0561.png,379024,312871,312871,312871,312871,312871,312871
0562.png,105681,164960,164960,164960,164960,164960,164960
0563.png,829700,794599,794599,794599,794599,794599,794599
0564.png,456444,402046,402046,402046,402046,402046,402046
0565.png,226433,173657,173657,173657,173657,173657,173657
0566.png,48500,105540,105540,105540,105540,105540,105540
0567.png,647120,595671,595671,595671,595671,595671,595671
0568.png,524389,464491,464491,464491,464491,464491,464491
0569.png,413870,381543,381543,381543,381543,381543,381543
0570.png,458600,430777,430777,430777,430777,430777,430777
0571.png,409656,386926,386926,386926,386926,386926,386926
0572.png,37845,94617,94617,94617,94617,94617,94617
0573.png,242035,200703,200703,200703,200703,200703,200703
0574.png,123502,96214,96214,96214,96214,96214,96214
0575.png,45847,20436,20436,20436,20436,20436,20436
0576.png,186915,150171,150171,150171,150171,150171,150171
0577.png,199896,152831,152831,152831,152831,152831,152831
0578.png,862823,847435,847435,847435,847435,847435,847435
0579.png,161552,125034,125034,125034,125034,125034,125034
0580.png,665676,624798,624798,624798,624798,624798,624798
0581.png,750120,707765,707765,707765,707765,707765,707765
0582.png,1011450,972508,972508,972508,972508,972508,972508
0583.png,1015483,982695,982695,982695,982695,982695,982695
0584.png,378120,340592,340592,340592,340592,340592,340592
0585.png,288411,250280,250280,250280,250280,250280,250280
0586.png,497026,453191,453191,453191,453191,453191,453191
0587.png,466263,380365,380365,380365,380365,380365,380365
0588.png,268007,239736,239736,239736,239736,239736,239736
0589.png,166921,130427,130427,130427,130427,130427,130427
0590.png,377072,338987,338987,338987,338987,338987,338987
0591.png,131703,114634,114634,114634,114634,114634,114634
0592.png,434236,419460,419460,419460,419460,419460,419460
0593.png,76018,20623,20623,20623,20623,20623,20623
0594.png,257237,222618,222618,222618,222618,222618,222618
0595.png,107320,67539,67539,67539,67539,67539,67539
0596.png,724691,713244,713244,713244,713244,713244,713244
0597.png,30746,71928,71928,71928,71928,71928,71928
0598.png,383132,398627,398627,398627,398627,398627,398627
0599.png,13456,9999,9999,9999,9999,9999,9999
0600.png,86482,38171,38171,38171,38171,38171,38171
0601.png,322228,307407,307407,307407,307407,307407,307407
0602.png,133782,206539,206539,206539,206539,206539,206539
0603.png,507069,475833,475833,475833,475833,475833,475833
0604.png,142573,133630,133630,133630,133630,133630,133630
0605.png,1272422,1232037,1232037,1232037,1232037,1232037,1232037
0606.png,204065,173141,173141,173141,173141,173141,173141
0607.png,471623,444530,444530,444530,444530,444530,444530
0608.png,772955,724459,724459,724459,724459,724459,724459
0609.png,333607,283232,283232,283232,283232,283232,283232
0610.png,347977,358778,358778,358778,358778,358778,358778
0611.png,148981,119614,119614,119614,119614,119614,119614
0612.png,495185,460738,460738,460738,460738,460738,460738
0613.png,80185,20450,20450,20450,20450,20450,20450
0614.png,313660,272147,272147,272147,272147,272147,272147
0615.png,458771,446181,446181,446181,446181,446181,446181
0616.png,217225,209136,209136,209136,209136,209136,209136
0617.png,585453,546099,546099,546099,546099,546099,546099
0618.png,370781,344484,344484,344484,344484,344484,344484
0619.png,696181,647923,647923,647923,647923,647923,647923
0620.png,35439,17146,17146,17146,17146,17146,17146
0621.png,136548,89310,89310,89310,89310,89310,89310
0622.png,594247,595479,595479,595479,595479,595479,595479
0623.png,155429,133630,133630,133630,133630,133630,133630
0624.png,320565,299175,299175,299175,299175,299175,299175
0625.png,757246,700462,700462,700462,700462,700462,700462
0626.png,409316,381897,381897,381897,381897,381897,381897
0627.png,532022,505079,505079,505079,505079,505079,505079
0628.png,101298,33779,33779,33779,33779,33779,33779
0629.png,197652,159818,159818,159818,159818,159818,159818
0630.png,410411,361645,361645,361645,361645,361645,361645
0631.png,727831,690347,690347,690347,690347,690347,690347
0632.png,695722,673604,673604,673604,673604,673604,673604
0633.png,246045,206019,206019,206019,206019,206019,206019
0634.png,430216,409507,409507,409507,409507,409507,409507
0635.png,776624,740562,740562,740562,740562,740562,740562
0636.png,555829,503668,503668,503668,503668,503668,503668
0637.png,174328,146683,146683,146683,146683,146683,146683
0638.png,992431,965261,965261,965261,965261,965261,965261
0639.png,577391,561058,561058,561058,561058,561058,561058
0640.png,309542,390042,390042,390042,390042,390042,390042
0641.png,314181,267015,267015,267015,267015,267015,267015
0642.png,228657,227869,227869,227869,227869,227869,227869
0643.png,1948185,1902198,1902198,1902198,1902198,1902198,1902198
0644.png,340289,332319,332319,332319,332319,332319,332319
0645.png,44614,70854,70854,70854,70854,70854,70854
0646.png,568705,516719,516719,516719,516719,516719,516719
0647.png,410538,402375,402375,402375,402375,402375,402375
0648.png,255066,174572,174572,174572,174572,174572,174572
0649.png,338844,324692,324692,324692,324692,324692,324692
0650.png,687884,602153,602153,602153,602153,602153,602153
0651.png,385635,373993,373993,373993,373993,373993,373993
0652.png,386508,368757,368757,368757,368757,368757,368757
0653.png,314599,269687,269687,269687,269687,269687,269687
0654.png,1213,54887,54887,54887,54887,54887,54887
0655.png,238885,201303,201303,201303,201303,201303,201303
0656.png,299751,267094,267094,267094,267094,267094,267094
0657.png,309794,240757,240757,240757,240757,240757,240757
0658.png,696200,638425,638425,638425,638425,638425,638425
0659.png,167565,190656,190656,190656,190656,190656,190656
0660.png,510732,497817,497817,497817,497817,497817,497817
0661.png,253062,207727,207727,207727,207727,207727,207727
0662.png,395316,343529,343529,343529,343529,343529,343529
0663.png,287082,219007,219007,219007,219007,219007,219007
0664.png,146184,111651,111651,111651,111651,111651,111651
0665.png,427701,388901,388901,388901,388901,388901,388901
0666.png,900436,931960,931960,931960,931960,931960,931960
0667.png,304436,270345,270345,270345,270345,270345,270345
0668.png,209078,182569,182569,182569,182569,182569,182569
0669.png,325806,304511,304511,304511,304511,304511,304511
0670.png,606012,584213,584213,584213,584213,584213,584213
0671.png,52711,12430,12430,12430,12430,12430,12430
0672.png,240641,188060,188060,188060,188060,188060,188060
0673.png,665585,645686,645686,645686,645686,645686,645686
0674.png,705073,669641,669641,669641,669641,669641,669641
0675.png,298544,269302,269302,269302,269302,269302,269302
0676.png,48322,7538,7538,7538,7538,7538,7538
0677.png,257464,217706,217706,217706,217706,217706,217706
0678.png,1093308,1067237,1067237,1067237,1067237,1067237,1067237
0679.png,629625,591153,591153,591153,591153,591153,591153
0680.png,262298,206637,206637,206637,206637,206637,206637
0681.png,393936,359763,359763,359763,359763,359763,359763
0682.png,721429,689777,689777,689777,689777,689777,689777
0683.png,470265,450708,450708,450708,450708,450708,450708
0684.png,310930,229716,229716,229716,229716,229716,229716
0685.png,159947,161742,161742,161742,161742,161742,161742
0686.png,449248,407137,407137,407137,407137,407137,407137
0687.png,192003,139794,139794,139794,139794,139794,139794
0688.png,42715,84435,84435,84435,84435,84435,84435
0689.png,75616,125613,125613,125613,125613,125613,125613
0690.png,443542,416241,416241,416241,416241,416241,416241
0691.png,176258,130232,130232,130232,130232,130232,130232
0692.png,532848,485516,485516,485516,485516,485516,485516
0693.png,895887,858853,858853,858853,858853,858853,858853
0694.png,315086,289859,289859,289859,289859,289859,289859
0695.png,720450,688401,688401,688401,688401,688401,688401
0696.png,429891,401557,401557,401557,401557,401557,401557
0697.png,110359,64231,64231,64231,64231,64231,64231
0698.png,1209742,1170761,1170761,1170761,1170761,1170761,1170761
0699.png,662127,597926,597926,597926,597926,597926,597926
0700.png,224745,135374,135374,135374,135374,135374,135374
0701.png,553017,509801,509801,509801,509801,509801,509801
0702.png,625772,620423,620423,620423,620423,620423,620423
0703.png,820845,773088,773088,773088,773088,773088,773088
0704.png,189394,191723,191723,191723,191723,191723,191723
0705.png,815157,785579,785579,785579,785579,785579,785579
0706.png,381291,326276,326276,326276,326276,326276,326276
0707.png,82761,138893,138893,138893,138893,138893,138893
0708.png,508642,472261,472261,472261,472261,472261,472261
0709.png,389799,366663,366663,366663,366663,366663,366663
0710.png,36830,3234,3234,3234,3234,3234,3234
0711.png,754610,712631,712631,712631,712631,712631,712631
0712.png,532990,466695,466695,466695,466695,466695,466695
0713.png,250711,199553,199553,199553,199553,199553,199553
0714.png,367859,308753,308753,308753,308753,308753,308753
0715.png,20414,54438,54438,54438,54438,54438,54438
0716.png,514698,498532,498532,498532,498532,498532,498532
0717.png,1043814,1029620,1029620,1029620,1029620,1029620,1029620
0718.png,1221714,1230518,1230518,1230518,1230518,1230518,1230518
0719.png,1341237,1308118,1308118,1308118,1308118,1308118,1308118
0720.png,749519,680549,680549,680549,680549,680549,680549
0721.png,346711,308307,308307,308307,308307,308307,308307
0722.png,478527,460784,460784,460784,460784,460784,460784
0723.png,168340,155225,155225,155225,155225,155225,155225
0724.png,222890,210124,210124,210124,210124,210124,210124
0725.png,97605,152634,152634,152634,152634,152634,152634
0726.png,44101,74551,74551,74551,74551,74551,74551
0727.png,372104,354924,354924,354924,354924,354924,354924
0728.png,688984,661510,661510,661510,661510,661510,661510
0729.png,252798,229116,229116,229116,229116,229116,229116
0730.png,381105,337084,337084,337084,337084,337084,337084
0731.png,360821,312264,312264,312264,312264,312264,312264
0732.png,363513,292847,292847,292847,292847,292847,292847
0733.png,294876,267930,267930,267930,267930,267930,267930
0734.png,979658,950745,950745,950745,950745,950745,950745
0735.png,395764,362557,362557,362557,362557,362557,362557
0736.png,184595,254063,254063,254063,254063,254063,254063
0737.png,440710,392368,392368,392368,392368,392368,392368
0738.png,176084,229370,229370,229370,229370,229370,229370
0739.png,276247,256912,256912,256912,256912,256912,256912
0740.png,315112,288741,288741,288741,288741,288741,288741
0741.png,461384,417778,417778,417778,417778,417778,417778
0742.png,136430,43533,43533,43533,43533,43533,43533
0743.png,107484,201188,201188,201188,201188,201188,201188
0744.png,119027,96177,96177,96177,96177,96177,96177
0745.png,179759,148772,148772,148772,148772,148772,148772
0746.png,261524,227141,227141,227141,227141,227141,227141
0747.png,300330,180399,180399,180399,180399,180399,180399
0748.png,432056,373531,373531,373531,373531,373531,373531
0749.png,173616,155343,155343,155343,155343,155343,155343
0750.png,38170,93978,93978,93978,93978,93978,93978
0751.png,15018,64140,64140,64140,64140,64140,64140
0752.png,601181,565998,565998,565998,565998,565998,565998
0753.png,218282,150891,150891,150891,150891,150891,150891
0754.png,307837,289725,289725,289725,289725,289725,289725
0755.png,804819,794950,794950,794950,794950,794950,794950
0756.png,229467,172833,172833,172833,172833,172833,172833
0757.png,422975,407095,407095,407095,407095,407095,407095
0758.png,542270,483473,483473,483473,483473,483473,483473
0759.png,387702,360267,360267,360267,360267,360267,360267
0760.png,472609,409281,409281,409281,409281,409281,409281
0761.png,268010,219618,219618,219618,219618,219618,219618
0762.png,459068,412251,412251,412251,412251,412251,412251
0763.png,172373,151302,151302,151302,151302,151302,151302
0764.png,638273,637179,637179,637179,637179,637179,637179
0765.png,275111,258968,258968,258968,258968,258968,258968
0766.png,134021,79495,79495,79495,79495,79495,79495
0767.png,992127,986847,986847,986847,986847,986847,986847
0768.png,260703,246112,246112,246112,246112,246112,246112
0769.png,2726864,2701926,2701926,2701926,2701926,2701926,2701926
0770.png,372720,307201,307201,307201,307201,307201,307201
0771.png,283755,254406,254406,254406,254406,254406,254406
0772.png,17017,9375,9375,9375,9375,9375,9375
0773.png,1057336,1039204,1039204,1039204,1039204,1039204,1039204
0774.png,371444,361339,361339,361339,361339,361339,361339
0775.png,86647,69398,69398,69398,69398,69398,69398
0776.png,511006,491622,491622,491622,491622,491622,491622
0777.png,971657,938864,938864,938864,938864,938864,938864
0778.png,524527,477047,477047,477047,477047,477047,477047
0779.png,599552,571898,571898,571898,571898,571898,571898
0780.png,615817,614133,614133,614133,614133,614133,614133
0781.png,108100,6901,6901,6901,6901,6901,6901
0782.png,820595,754638,754638,754638,754638,754638,754638
0783.png,376710,307785,307785,307785,307785,307785,307785
0784.png,177482,263502,263502,263502,263502,263502,263502
0785.png,143242,96541,96541,96541,96541,96541,96541
0786.png,671614,620140,620140,620140,620140,620140,620140
0787.png,242788,210622,210622,210622,210622,210622,210622
0788.png,333687,313432,313432,313432,313432,313432,313432
0789.png,124195,176469,176469,176469,176469,176469,176469
0790.png,298440,282961,282961,282961,282961,282961,282961
0791.png,285609,255319,255319,255319,255319,255319,255319
0792.png,654333,574443,574443,574443,574443,574443,574443
0793.png,615869,583414,583414,583414,583414,583414,583414
0794.png,257717,194871,194871,194871,194871,194871,194871
0795.png,654903,635346,635346,635346,635346,635346,635346
0796.png,489222,439997,439997,439997,439997,439997,439997
0797.png,325682,397930,397930,397930,397930,397930,397930
0798.png,88701,46609,46609,46609,46609,46609,46609
0799.png,193906,159344,159344,159344,159344,159344,159344
0800.png,2593664,2537139,2537139,2537139,2537139,2537139,2537139
