image,dist_idx,dst_type,dst_ord,dst_lev,dmos
bikes.bmp,1,jpeg,1,0.20876,56.82089940310144
bikes.bmp,1,jpeg,2,0.22872,55.940063916423995
bikes.bmp,1,jpeg,3,0.30737,63.22821648316846
bikes.bmp,1,jpeg,4,0.42552,56.02031619077877
bikes.bmp,1,jpeg,5,0.56447,49.05615490510982
bikes.bmp,1,jpeg,6,1.0323,30.3960122439865
bikes.bmp,1,jpeg,7,1.4875,25.44282492050957
building2.bmp,1,jpeg,1,0.26018,60.59222184804797
building2.bmp,1,jpeg,2,0.28835,58.5077181327665
building2.bmp,1,jpeg,3,0.39385,68.81582729779525
building2.bmp,1,jpeg,4,0.39385,66.06308108895072
building2.bmp,1,jpeg,5,0.64297,50.91458216680612
building2.bmp,1,jpeg,6,1.1092,32.4893858610105
building2.bmp,1,jpeg,7,2.0938,25.732981771905134
buildings.bmp,1,jpeg,1,0.24723,59.01313652905887
buildings.bmp,1,jpeg,2,0.26731,58.27189658802589
buildings.bmp,1,jpeg,3,0.58384,47.79653010779907
buildings.bmp,1,jpeg,4,0.58384,51.01535769470311
buildings.bmp,1,jpeg,5,0.58384,48.20131912049039
buildings.bmp,1,jpeg,6,1.0394,30.40910849956548
buildings.bmp,1,jpeg,7,1.7772,22.915712075825788
caps.bmp,1,jpeg,1,0.15312,60.069537201696626
caps.bmp,1,jpeg,2,0.15312,59.85684396834845
caps.bmp,1,jpeg,3,0.1993,49.85666308799925
caps.bmp,1,jpeg,4,0.40535,40.20037531558981
caps.bmp,1,jpeg,5,0.42483,42.874483145017024
caps.bmp,1,jpeg,6,0.85118,28.307801062720873
carnivaldolls.bmp,1,jpeg,1,0.20726,59.197872403677
carnivaldolls.bmp,1,jpeg,2,0.3273,65.92309095733728
carnivaldolls.bmp,1,jpeg,3,0.3273,65.70767925324277
carnivaldolls.bmp,1,jpeg,4,1.0085,26.954088129242155
carnivaldolls.bmp,1,jpeg,5,2.5748,22.427797517937464
cemetry.bmp,1,jpeg,1,0.21773,57.24972197729394
cemetry.bmp,1,jpeg,2,0.30013,69.45204261392958
cemetry.bmp,1,jpeg,3,0.30013,69.18511018899825
cemetry.bmp,1,jpeg,4,0.53292,41.49997147178339
cemetry.bmp,1,jpeg,5,0.85407,42.18685408278848
cemetry.bmp,1,jpeg,6,1.5697,28.52528489057023
churchandcapitol.bmp,1,jpeg,1,0.21903,62.49964418626532
churchandcapitol.bmp,1,jpeg,2,0.29125,79.63200139873037
churchandcapitol.bmp,1,jpeg,3,0.57502,53.818664170538256
churchandcapitol.bmp,1,jpeg,4,0.83865,42.18605088354612
churchandcapitol.bmp,1,jpeg,5,1.6916,22.645234717415967
coinsinfountain.bmp,1,jpeg,1,0.18796,60.2993891488666
coinsinfountain.bmp,1,jpeg,2,0.18796,59.50052273961641
coinsinfountain.bmp,1,jpeg,3,0.25896,52.84704264933621
coinsinfountain.bmp,1,jpeg,4,0.46101,44.56841486707733
coinsinfountain.bmp,1,jpeg,5,0.58801,41.94637326127812
coinsinfountain.bmp,1,jpeg,6,1.8247,26.45959904623459
dancers.bmp,1,jpeg,1,0.24753,58.7879445095596
dancers.bmp,1,jpeg,2,0.24753,59.859053210954166
dancers.bmp,1,jpeg,3,0.43061,60.57822644571531
dancers.bmp,1,jpeg,4,0.60116,54.04967815819876
dancers.bmp,1,jpeg,5,1.2678,34.14049053294782
dancers.bmp,1,jpeg,6,2.6988,25.77050586046477
flowersonih35.bmp,1,jpeg,1,0.27056,80.88636722069373
flowersonih35.bmp,1,jpeg,2,0.46309,51.038266406548644
flowersonih35.bmp,1,jpeg,3,0.50574,51.40118852850061
flowersonih35.bmp,1,jpeg,4,0.92722,43.0162175344564
flowersonih35.bmp,1,jpeg,5,1.769,25.005853431257847
flowersonih35.bmp,1,jpeg,6,2.9792,23.473046983979113
house.bmp,1,jpeg,1,0.15798,64.17863284396779
house.bmp,1,jpeg,2,0.15798,61.715141783360664
house.bmp,1,jpeg,3,0.28831,58.66222271567119
house.bmp,1,jpeg,4,0.32699,54.700999698833805
house.bmp,1,jpeg,5,0.56641,39.51151909245588
house.bmp,1,jpeg,6,1.4029,23.20315084865464
house.bmp,1,jpeg,7,1.8851,21.024488372894925
lighthouse.bmp,1,jpeg,1,0.18537,59.07206937353145
lighthouse.bmp,1,jpeg,2,0.19213,59.3594312419867
lighthouse.bmp,1,jpeg,3,0.3919,48.670801401930504
lighthouse.bmp,1,jpeg,4,0.42931,45.678714739085265
lighthouse.bmp,1,jpeg,5,1.2943,22.894316448180156
lighthouse.bmp,1,jpeg,6,2.6187,17.90242445870529
lighthouse2.bmp,1,jpeg,1,0.17114,60.55254514620187
lighthouse2.bmp,1,jpeg,2,0.22353,53.561317903958724
lighthouse2.bmp,1,jpeg,3,0.40802,52.89066029707622
lighthouse2.bmp,1,jpeg,4,1.2186,23.752905819140917
lighthouse2.bmp,1,jpeg,5,2.2014,21.915037325403436
lighthouse2.bmp,1,jpeg,6,2.607,23.359332150647557
manfishing.bmp,1,jpeg,1,0.21134,60.59906715887066
manfishing.bmp,1,jpeg,2,0.33917,59.76883361021454
manfishing.bmp,1,jpeg,3,0.42286,52.7238085826388
manfishing.bmp,1,jpeg,4,0.56739,48.86232626758251
manfishing.bmp,1,jpeg,5,0.95764,25.92338626222032
manfishing.bmp,1,jpeg,6,1.6232,21.368637366413928
monarch.bmp,1,jpeg,1,0.1814,56.267204501611914
monarch.bmp,1,jpeg,2,0.1814,58.698768936850534
monarch.bmp,1,jpeg,3,0.32107,51.843326801611454
monarch.bmp,1,jpeg,4,0.60179,28.60678393478814
monarch.bmp,1,jpeg,5,0.77547,29.627781811760766
monarch.bmp,1,jpeg,6,2.6482,22.21876534984031
ocean.bmp,1,jpeg,1,0.15037,67.82709016093094
ocean.bmp,1,jpeg,2,0.29797,45.01820142211406
ocean.bmp,1,jpeg,3,0.48142,33.161859024007995
ocean.bmp,1,jpeg,4,0.81917,33.17487452965549
ocean.bmp,1,jpeg,5,0.881,29.32258917828471
ocean.bmp,1,jpeg,6,1.4233,20.05966586015515
ocean.bmp,1,jpeg,7,3.3364,23.81928622014108
paintedhouse.bmp,1,jpeg,1,0.18284,65.16467870739736
paintedhouse.bmp,1,jpeg,2,0.29938,74.25212011875597
paintedhouse.bmp,1,jpeg,3,0.29938,73.58912301389574
paintedhouse.bmp,1,jpeg,4,0.42863,42.760360296319064
paintedhouse.bmp,1,jpeg,5,0.62819,41.43384300393491
paintedhouse.bmp,1,jpeg,6,1.4535,24.51332756997572
parrots.bmp,1,jpeg,1,0.15717,59.998116443912735
parrots.bmp,1,jpeg,2,0.15717,58.226803040070436
parrots.bmp,1,jpeg,3,0.21,46.86060607831901
parrots.bmp,1,jpeg,4,0.31453,45.39754888512183
parrots.bmp,1,jpeg,5,0.33221,42.52118607682714
parrots.bmp,1,jpeg,6,0.92118,27.804812294443636
plane.bmp,1,jpeg,1,0.1628,58.632081877725426
plane.bmp,1,jpeg,2,0.27649,44.48057974318524
plane.bmp,1,jpeg,3,0.42568,43.68712908418356
plane.bmp,1,jpeg,4,0.9083,28.328278947726663
plane.bmp,1,jpeg,5,2.1241,22.549912901628197
rapids.bmp,1,jpeg,1,0.17405,61.96685136723782
rapids.bmp,1,jpeg,2,0.29138,70.95845439731096
rapids.bmp,1,jpeg,3,0.43058,60.311410102786176
rapids.bmp,1,jpeg,4,0.85997,46.98621621162363
rapids.bmp,1,jpeg,5,1.4648,29.248914863447652
sailing1.bmp,1,jpeg,1,0.17035,62.42299401695418
sailing1.bmp,1,jpeg,2,0.2724,49.98714110290032
sailing1.bmp,1,jpeg,3,0.54289,38.88609401355043
sailing1.bmp,1,jpeg,4,0.89555,31.074071335136953
sailing1.bmp,1,jpeg,5,0.9069,29.55677719914686
sailing1.bmp,1,jpeg,6,3.2723,21.616919193013956
sailing2.bmp,1,jpeg,1,0.16377,60.082531171978836
sailing2.bmp,1,jpeg,2,0.17097,59.21107877285364
sailing2.bmp,1,jpeg,3,0.31806,48.44187431552397
sailing2.bmp,1,jpeg,4,0.39285,44.80579447008242
sailing2.bmp,1,jpeg,5,0.55609,34.36752098639735
sailing2.bmp,1,jpeg,6,1.3781,21.425352466359897
sailing3.bmp,1,jpeg,1,0.16271,63.81598196499471
sailing3.bmp,1,jpeg,2,0.16271,63.673955042979145
sailing3.bmp,1,jpeg,3,0.33148,56.20055376716059
sailing3.bmp,1,jpeg,4,0.59313,39.126547554715955
sailing3.bmp,1,jpeg,5,0.91991,31.940080757371334
sailing3.bmp,1,jpeg,6,1.8247,22.36077002995832
sailing4.bmp,1,jpeg,1,0.16614,61.350283375020645
sailing4.bmp,1,jpeg,2,0.16614,61.16381409284535
sailing4.bmp,1,jpeg,3,0.30951,63.77800813801863
sailing4.bmp,1,jpeg,4,0.42826,52.68258889470214
sailing4.bmp,1,jpeg,5,0.55225,47.84250739717017
sailing4.bmp,1,jpeg,6,1.2926,23.764227931406232
statue.bmp,1,jpeg,1,0.16597,60.40688876673067
statue.bmp,1,jpeg,2,0.16597,60.867560158101796
statue.bmp,1,jpeg,3,0.29625,56.44735042407491
statue.bmp,1,jpeg,4,1.103,22.436113966625584
statue.bmp,1,jpeg,5,2.1953,19.56748371978346
statue.bmp,1,jpeg,6,2.7772,19.53742657254039
stream.bmp,1,jpeg,1,0.20131,64.41510961861735
stream.bmp,1,jpeg,2,0.29203,75.27899604270353
stream.bmp,1,jpeg,3,0.41781,63.64900697984106
stream.bmp,1,jpeg,4,0.57467,52.55754452877917
stream.bmp,1,jpeg,5,1.0008,29.738772903819356
stream.bmp,1,jpeg,6,1.6833,21.345826222120394
studentsculpture.bmp,1,jpeg,1,0.22008,59.24963651950959
studentsculpture.bmp,1,jpeg,2,0.22008,59.802873955570725
studentsculpture.bmp,1,jpeg,3,0.44665,46.6921578408488
studentsculpture.bmp,1,jpeg,4,0.82276,43.26832513569606
studentsculpture.bmp,1,jpeg,5,0.88289,42.498997253886785
studentsculpture.bmp,1,jpeg,6,2.338,26.530641359588333
woman.bmp,1,jpeg,1,0.17194,58.742827976591705
woman.bmp,1,jpeg,2,0.23546,52.792812754832575
woman.bmp,1,jpeg,3,0.38194,56.16757692494108
woman.bmp,1,jpeg,4,1.1368,30.069815195136
woman.bmp,1,jpeg,5,2.7803,26.8204323957816
woman.bmp,1,jpeg,6,3.266,25.296969611743133
womanhat.bmp,1,jpeg,1,0.15771,61.19507964387755
womanhat.bmp,1,jpeg,2,0.16225,62.67484278906548
womanhat.bmp,1,jpeg,3,0.3263,55.67451331018688
womanhat.bmp,1,jpeg,4,0.45313,44.31871652762005
womanhat.bmp,1,jpeg,5,0.60102,37.18731870129031
womanhat.bmp,1,jpeg,6,1.4703,22.04930214641378
bikes.bmp,2,jp2k,1,0.038287,68.05380219873442
bikes.bmp,2,jp2k,2,0.13174,63.79745841280577
bikes.bmp,2,jp2k,3,0.33249,42.16153847609955
bikes.bmp,2,jp2k,4,0.6957,38.46900882932819
bikes.bmp,2,jp2k,5,1.1466,27.447221923138954
bikes.bmp,2,jp2k,6,1.6219,26.13791357747473
building2.bmp,2,jp2k,1,0.097914,72.58409006589069
building2.bmp,2,jp2k,2,0.12981,69.29851565600342
building2.bmp,2,jp2k,3,0.32443,48.07274559690462
building2.bmp,2,jp2k,4,0.72182,47.53287130842447
building2.bmp,2,jp2k,5,1.0458,31.5595687109197
building2.bmp,2,jp2k,6,1.7229,25.477351996196013
buildings.bmp,2,jp2k,1,0.12695,61.18215742040482
buildings.bmp,2,jp2k,2,0.20136,61.41371716607372
buildings.bmp,2,jp2k,3,0.37358,53.846299781912535
buildings.bmp,2,jp2k,4,0.40141,49.581143139311585
buildings.bmp,2,jp2k,5,0.84836,37.02130195424285
buildings.bmp,2,jp2k,6,1.6665,21.079551835458812
caps.bmp,2,jp2k,1,0.050378,56.81506839122303
caps.bmp,2,jp2k,2,0.098741,53.456099322122625
caps.bmp,2,jp2k,3,0.19944,46.584322447755405
caps.bmp,2,jp2k,4,0.40137,34.49728356748708
caps.bmp,2,jp2k,5,0.60354,26.673302485106476
carnivaldolls.bmp,2,jp2k,1,0.050378,69.97832580415569
carnivaldolls.bmp,2,jp2k,2,0.12349,72.09944236071443
carnivaldolls.bmp,2,jp2k,3,0.25592,49.46765176998484
carnivaldolls.bmp,2,jp2k,4,0.43582,47.47269421075874
carnivaldolls.bmp,2,jp2k,5,0.7153,37.598876406688994
carnivaldolls.bmp,2,jp2k,6,1.5053,24.89895706986431
cemetry.bmp,2,jp2k,1,0.12274,70.96122360468537
cemetry.bmp,2,jp2k,2,0.12538,67.97348672924605
cemetry.bmp,2,jp2k,3,0.32443,52.616923214334236
cemetry.bmp,2,jp2k,4,0.66567,46.735191875993586
cemetry.bmp,2,jp2k,5,0.98942,33.473161094142995
churchandcapitol.bmp,2,jp2k,1,0.08665,61.332280691766066
churchandcapitol.bmp,2,jp2k,2,0.104,68.7833586829139
churchandcapitol.bmp,2,jp2k,3,0.12615,68.9113403034779
churchandcapitol.bmp,2,jp2k,4,0.38308,54.39726604294797
churchandcapitol.bmp,2,jp2k,5,0.69118,34.74736400054396
churchandcapitol.bmp,2,jp2k,6,1.9567,23.93855287245099
coinsinfountain.bmp,2,jp2k,1,0.042317,66.28179452865399
coinsinfountain.bmp,2,jp2k,2,0.10943,66.46194643940952
coinsinfountain.bmp,2,jp2k,3,0.18741,50.22230359576317
coinsinfountain.bmp,2,jp2k,4,0.32846,42.460379670553536
coinsinfountain.bmp,2,jp2k,5,0.70372,32.69469883824849
coinsinfountain.bmp,2,jp2k,6,3.1539,25.984026524750178
dancers.bmp,2,jp2k,1,0.11189,74.71223055356742
dancers.bmp,2,jp2k,2,0.21194,65.15010253306134
dancers.bmp,2,jp2k,3,0.25079,65.13140970686972
dancers.bmp,2,jp2k,4,0.534,48.3046809702197
dancers.bmp,2,jp2k,5,0.87657,36.803691247540776
dancers.bmp,2,jp2k,6,1.6262,25.59001805947806
flowersonih35.bmp,2,jp2k,1,0.030227,73.02643347532211
flowersonih35.bmp,2,jp2k,2,0.12805,70.25982518032612
flowersonih35.bmp,2,jp2k,3,0.20353,67.00586811025651
flowersonih35.bmp,2,jp2k,4,0.48161,50.12810440234088
flowersonih35.bmp,2,jp2k,5,0.94912,40.20353483462272
flowersonih35.bmp,2,jp2k,6,1.8386,28.188842568104352
house.bmp,2,jp2k,1,0.034257,69.50160619570946
house.bmp,2,jp2k,2,0.08262,57.47745564091386
house.bmp,2,jp2k,3,0.21506,50.5485771265556
house.bmp,2,jp2k,4,0.22409,50.83957042048765
house.bmp,2,jp2k,5,0.40101,36.14531005261188
house.bmp,2,jp2k,6,0.68106,31.491968912059583
house.bmp,2,jp2k,7,1.8156,21.273221929777215
lighthouse.bmp,2,jp2k,1,0.050378,63.86475437095206
lighthouse.bmp,2,jp2k,2,0.24231,50.87767308591221
lighthouse.bmp,2,jp2k,3,0.24826,50.96704009742991
lighthouse.bmp,2,jp2k,4,0.36474,38.06964086512967
lighthouse.bmp,2,jp2k,5,0.65051,31.359966179310835
lighthouse.bmp,2,jp2k,6,1.5456,23.045358620551518
lighthouse2.bmp,2,jp2k,1,0.10277,54.482323340813736
lighthouse2.bmp,2,jp2k,2,0.23974,53.34011511136505
lighthouse2.bmp,2,jp2k,3,0.52595,34.318825920353916
lighthouse2.bmp,2,jp2k,4,1.4569,22.457131335424307
lighthouse2.bmp,2,jp2k,5,2.3683,26.102063914116645
lighthouse2.bmp,2,jp2k,6,2.9056,24.35211475827056
manfishing.bmp,2,jp2k,1,0.030227,73.25236622149215
manfishing.bmp,2,jp2k,2,0.09471,59.30217260837462
manfishing.bmp,2,jp2k,3,0.36474,45.096844698952275
manfishing.bmp,2,jp2k,4,0.58961,38.2549339043671
manfishing.bmp,2,jp2k,5,0.60047,37.97355042079033
manfishing.bmp,2,jp2k,6,2.2558,25.341009535173676
monarch.bmp,2,jp2k,1,0.042317,53.41030485608058
monarch.bmp,2,jp2k,2,0.10277,47.21025837654042
monarch.bmp,2,jp2k,3,0.20004,45.830525538482604
monarch.bmp,2,jp2k,4,0.4277,32.095586985956885
monarch.bmp,2,jp2k,5,2.7899,22.286566625183454
ocean.bmp,2,jp2k,1,0.062469,61.67638378990241
ocean.bmp,2,jp2k,2,0.19144,42.50096821620306
ocean.bmp,2,jp2k,3,0.40169,35.026816689501125
ocean.bmp,2,jp2k,4,0.58689,33.27987227548807
ocean.bmp,2,jp2k,5,2.5311,21.33143389738949
paintedhouse.bmp,2,jp2k,1,0.098741,62.22323173241315
paintedhouse.bmp,2,jp2k,2,0.1909,69.8705581579566
paintedhouse.bmp,2,jp2k,3,0.24383,55.88732005422921
paintedhouse.bmp,2,jp2k,4,0.41508,48.84324745450706
paintedhouse.bmp,2,jp2k,5,0.78388,34.161205894412156
paintedhouse.bmp,2,jp2k,6,2.437,25.09633165601088
parrots.bmp,2,jp2k,1,0.042317,63.270890480446255
parrots.bmp,2,jp2k,2,0.054408,55.776435118466885
parrots.bmp,2,jp2k,3,0.13904,45.89200996411086
parrots.bmp,2,jp2k,4,0.22432,39.494391716246966
parrots.bmp,2,jp2k,5,0.38193,30.00013497962475
parrots.bmp,2,jp2k,6,0.68851,24.276408809776598
plane.bmp,2,jp2k,1,0.054408,60.767379802218706
plane.bmp,2,jp2k,2,0.11053,60.60039324353364
plane.bmp,2,jp2k,3,0.20756,42.82439106346012
plane.bmp,2,jp2k,4,0.40504,30.06590643346212
plane.bmp,2,jp2k,5,0.60958,25.90239364449977
plane.bmp,2,jp2k,6,2.3766,21.24474002721652
rapids.bmp,2,jp2k,1,0.050378,69.3198883772806
rapids.bmp,2,jp2k,2,0.1227,70.19193144078119
rapids.bmp,2,jp2k,3,0.21562,51.928846132839226
rapids.bmp,2,jp2k,4,0.41906,48.34116741829985
rapids.bmp,2,jp2k,5,0.72312,34.01073628022137
rapids.bmp,2,jp2k,6,1.5456,24.6248388210791
sailing1.bmp,2,jp2k,1,0.062469,64.00907199232228
sailing1.bmp,2,jp2k,2,0.11565,64.16748927763923
sailing1.bmp,2,jp2k,3,0.12526,63.015324512867245
sailing1.bmp,2,jp2k,4,0.48564,38.49937916871746
sailing1.bmp,2,jp2k,5,1.0781,22.76639531194038
sailing1.bmp,2,jp2k,6,2.5288,19.966622257732258
sailing2.bmp,2,jp2k,1,0.074559,51.98430097914189
sailing2.bmp,2,jp2k,2,0.20057,49.04623820958027
sailing2.bmp,2,jp2k,3,0.52997,27.201954422013888
sailing2.bmp,2,jp2k,4,1.1063,21.787298417648113
sailing2.bmp,2,jp2k,5,1.849,21.737392404967196
sailing2.bmp,2,jp2k,6,2.511,24.26413610892305
sailing3.bmp,2,jp2k,1,0.054408,59.44196571611291
sailing3.bmp,2,jp2k,2,0.10603,62.9003588494039
sailing3.bmp,2,jp2k,3,0.22771,43.718266431018314
sailing3.bmp,2,jp2k,4,0.37665,42.0193414153924
sailing3.bmp,2,jp2k,5,0.38246,41.412498424737386
sailing3.bmp,2,jp2k,6,1.3804,22.27981853312796
sailing4.bmp,2,jp2k,1,0.030227,69.37405446814955
sailing4.bmp,2,jp2k,2,0.11486,56.988438960547256
sailing4.bmp,2,jp2k,3,0.26196,52.455399306801034
sailing4.bmp,2,jp2k,4,0.59673,35.77898514989975
sailing4.bmp,2,jp2k,5,1.8547,25.295827176091436
statue.bmp,2,jp2k,1,0.050378,60.761657857607254
statue.bmp,2,jp2k,2,0.070529,55.98522773495745
statue.bmp,2,jp2k,3,0.22253,49.7286281585553
statue.bmp,2,jp2k,4,0.3777,42.60054761405774
statue.bmp,2,jp2k,5,0.74761,25.547908094700823
statue.bmp,2,jp2k,6,2.4112,21.882621655468572
stream.bmp,2,jp2k,1,0.050378,69.62940064841362
stream.bmp,2,jp2k,2,0.19204,72.81703406181643
stream.bmp,2,jp2k,3,0.40832,62.47870390031039
stream.bmp,2,jp2k,4,0.71533,44.39714490163311
stream.bmp,2,jp2k,5,1.4851,24.255518544727988
studentsculpture.bmp,2,jp2k,1,0.09471,59.08349135484238
studentsculpture.bmp,2,jp2k,2,0.20383,61.178399664208015
studentsculpture.bmp,2,jp2k,3,0.46549,44.62558143068395
studentsculpture.bmp,2,jp2k,4,1.0136,31.387064288293335
studentsculpture.bmp,2,jp2k,5,1.6466,28.00384535689855
studentsculpture.bmp,2,jp2k,6,2.7031,23.29290129605595
woman.bmp,2,jp2k,1,0.038287,67.19668334150376
woman.bmp,2,jp2k,2,0.13904,55.90459914407012
woman.bmp,2,jp2k,3,0.3754,49.72531306132735
woman.bmp,2,jp2k,4,0.40027,47.430013761380415
woman.bmp,2,jp2k,5,0.59812,41.92234749404617
woman.bmp,2,jp2k,6,1.5375,21.418865343047646
womanhat.bmp,2,jp2k,1,0.030227,65.33538560268595
womanhat.bmp,2,jp2k,2,0.1068,51.60071918510474
womanhat.bmp,2,jp2k,3,0.21173,54.860028833296795
womanhat.bmp,2,jp2k,4,0.2356,52.00419635496926
womanhat.bmp,2,jp2k,5,0.96524,21.305122979508095
womanhat.bmp,2,jp2k,6,1.708,25.03062047966861
bikes.bmp,3,wn,1,0.035156,25.293947664420266
bikes.bmp,3,wn,2,0.089844,37.99576353679407
bikes.bmp,3,wn,3,0.257813,49.3575302613863
bikes.bmp,3,wn,4,0.320313,54.46282360076056
bikes.bmp,3,wn,5,1.996094,71.87356645452326
building2.bmp,3,wn,2,0.0625,31.570742673042144
building2.bmp,3,wn,3,0.117188,40.56284195591726
building2.bmp,3,wn,4,0.3125,52.57387417514444
building2.bmp,3,wn,5,0.421875,55.286983378847374
building2.bmp,3,wn,6,1.5,72.49298633741233
buildings.bmp,3,wn,1,0.03125,25.00548166763891
buildings.bmp,3,wn,2,0.058594,33.22868969556813
buildings.bmp,3,wn,3,0.289063,52.16119598246932
buildings.bmp,3,wn,4,0.40625,56.6813925019012
buildings.bmp,3,wn,5,1.996094,72.0624771097121
caps.bmp,3,wn,1,0.015625,22.503374626941653
caps.bmp,3,wn,2,0.03125,33.54176848227497
caps.bmp,3,wn,3,0.0625,41.339397862684045
caps.bmp,3,wn,4,0.125,48.03932331168035
caps.bmp,3,wn,5,1.0,67.38191488202578
carnivaldolls.bmp,3,wn,1,0.019531,20.307406757880905
carnivaldolls.bmp,3,wn,2,0.046875,34.49706446809392
carnivaldolls.bmp,3,wn,3,0.15625,48.12179120703937
carnivaldolls.bmp,3,wn,4,0.207031,50.47087190504282
carnivaldolls.bmp,3,wn,5,1.996094,71.45708588139159
cemetry.bmp,3,wn,1,0.039063,27.298143951439798
cemetry.bmp,3,wn,2,0.0625,35.310519059258056
cemetry.bmp,3,wn,3,0.179688,47.8022173109868
cemetry.bmp,3,wn,4,0.25,52.30651823582071
cemetry.bmp,3,wn,5,1.996094,74.45167366240405
churchandcapitol.bmp,3,wn,1,0.019531,24.37575202371464
churchandcapitol.bmp,3,wn,2,0.035156,32.029192192610275
churchandcapitol.bmp,3,wn,3,0.140625,47.815364470050575
churchandcapitol.bmp,3,wn,4,0.234375,53.84641159383728
churchandcapitol.bmp,3,wn,5,1.996094,75.67752970989655
coinsinfountain.bmp,3,wn,1,0.03125,20.711416001111928
coinsinfountain.bmp,3,wn,2,0.050781,27.49157346487443
coinsinfountain.bmp,3,wn,3,0.171875,46.91034732543944
coinsinfountain.bmp,3,wn,4,0.25,51.318422411965095
coinsinfountain.bmp,3,wn,5,1.0,65.53583558490479
dancers.bmp,3,wn,1,0.042969,30.794572392300985
dancers.bmp,3,wn,2,0.085938,39.12944783610569
dancers.bmp,3,wn,3,0.25,54.031702447174354
dancers.bmp,3,wn,4,0.390625,57.195223975461516
dancers.bmp,3,wn,5,0.625,65.4285766269556
flowersonih35.bmp,3,wn,1,0.019531,19.813776756304243
flowersonih35.bmp,3,wn,2,0.070313,37.66736420630842
flowersonih35.bmp,3,wn,3,0.25,52.17033273533363
flowersonih35.bmp,3,wn,4,0.296875,54.802789868655026
flowersonih35.bmp,3,wn,5,0.75,66.29900471008837
house.bmp,3,wn,1,0.019531,23.48981406058134
house.bmp,3,wn,2,0.046875,35.507924699203414
house.bmp,3,wn,3,0.125,45.32049999361613
house.bmp,3,wn,4,0.25,52.68290142189967
house.bmp,3,wn,5,0.875,49.87206779335661
lighthouse.bmp,3,wn,1,0.019531,23.425226802503936
lighthouse.bmp,3,wn,2,0.039063,32.20299718280108
lighthouse.bmp,3,wn,3,0.0625,39.282533932323666
lighthouse.bmp,3,wn,4,0.171875,51.3502225028313
lighthouse.bmp,3,wn,5,1.0,68.58777412641652
lighthouse2.bmp,3,wn,1,0.019531,21.02304265105594
lighthouse2.bmp,3,wn,2,0.035156,28.329706381798154
lighthouse2.bmp,3,wn,3,0.121094,43.55504332963799
lighthouse2.bmp,3,wn,4,0.164063,46.28429426643121
lighthouse2.bmp,3,wn,5,1.996094,70.1183913375667
manfishing.bmp,3,wn,1,0.015625,18.171540818466337
manfishing.bmp,3,wn,2,0.042969,28.1480513828561
manfishing.bmp,3,wn,3,0.171875,47.23994202090737
manfishing.bmp,3,wn,4,0.242188,51.27952860861556
manfishing.bmp,3,wn,5,1.996094,69.06429701449021
monarch.bmp,3,wn,1,0.027344,23.942759012671203
monarch.bmp,3,wn,2,0.035156,28.449050613504284
monarch.bmp,3,wn,3,0.117188,41.16959454240873
monarch.bmp,3,wn,4,0.1875,49.08675235466103
monarch.bmp,3,wn,5,1.0,65.73029200118374
ocean.bmp,3,wn,-1,-1.0,33.50169399819825
ocean.bmp,3,wn,1,0.011719,18.878752040927587
ocean.bmp,3,wn,2,0.109375,47.07703204219865
ocean.bmp,3,wn,3,0.179688,51.474597776260914
ocean.bmp,3,wn,4,1.996094,73.31267778854382
paintedhouse.bmp,3,wn,1,0.03125,25.18190630247393
paintedhouse.bmp,3,wn,2,0.058594,36.522247348595556
paintedhouse.bmp,3,wn,3,0.125,46.9760077774318
paintedhouse.bmp,3,wn,4,0.25,52.80103018144482
paintedhouse.bmp,3,wn,5,1.996094,72.79674301314544
parrots.bmp,3,wn,1,0.011719,20.6229932562243
parrots.bmp,3,wn,2,0.03125,28.50580755951212
parrots.bmp,3,wn,3,0.0625,38.93056555718149
parrots.bmp,3,wn,4,0.128906,47.03859547704133
parrots.bmp,3,wn,5,1.0,68.72715134454026
plane.bmp,3,wn,1,0.019531,20.658684095642474
plane.bmp,3,wn,2,0.042969,30.910379404918537
plane.bmp,3,wn,3,0.109375,41.9217934886144
plane.bmp,3,wn,4,0.1875,48.69582100754658
plane.bmp,3,wn,5,1.0,65.42243780270577
rapids.bmp,3,wn,1,0.019531,18.225225740269767
rapids.bmp,3,wn,2,0.046875,30.986839130840746
rapids.bmp,3,wn,3,0.125,43.02597822759181
rapids.bmp,3,wn,4,0.25,50.375540531155586
rapids.bmp,3,wn,5,1.0,65.65386337913596
sailing1.bmp,3,wn,1,0.023438,23.2098354408661
sailing1.bmp,3,wn,2,0.046875,32.15919587071531
sailing1.bmp,3,wn,3,0.128906,43.28446508243275
sailing1.bmp,3,wn,4,0.1875,48.85542516760175
sailing1.bmp,3,wn,5,1.996094,67.53582395023882
sailing2.bmp,3,wn,1,0.015625,24.16469367657933
sailing2.bmp,3,wn,2,0.027344,28.22314322398699
sailing2.bmp,3,wn,3,0.0625,38.238611972310636
sailing2.bmp,3,wn,4,0.132813,47.81424824346578
sailing2.bmp,3,wn,5,1.0,67.71289447738057
sailing3.bmp,3,wn,1,0.019531,22.251829910919774
sailing3.bmp,3,wn,2,0.03125,29.699985853756605
sailing3.bmp,3,wn,3,0.109375,44.753356184626675
sailing3.bmp,3,wn,4,0.164063,48.03366696738555
sailing3.bmp,3,wn,5,1.996094,72.59725363203397
sailing4.bmp,3,wn,1,0.015625,20.53686608994719
sailing4.bmp,3,wn,2,0.046875,33.84747168218642
sailing4.bmp,3,wn,3,0.125,44.61810289148627
sailing4.bmp,3,wn,4,0.15625,48.233320341629984
sailing4.bmp,3,wn,5,0.28125,52.17326241873206
statue.bmp,3,wn,1,0.015625,19.68635098573341
statue.bmp,3,wn,2,0.046875,32.790887811496695
statue.bmp,3,wn,3,0.109375,40.290732036576344
statue.bmp,3,wn,4,0.203125,50.193343871734214
statue.bmp,3,wn,5,1.0,67.95441669649898
stream.bmp,3,wn,1,0.03125,24.590596782310868
stream.bmp,3,wn,2,0.0625,34.23029486513069
stream.bmp,3,wn,3,0.1875,48.86226780031259
stream.bmp,3,wn,4,0.3125,56.207452902803325
stream.bmp,3,wn,5,0.5,62.71105026602813
studentsculpture.bmp,3,wn,1,0.023438,19.60742463197844
studentsculpture.bmp,3,wn,2,0.078125,35.154591911836846
studentsculpture.bmp,3,wn,3,0.234375,47.64388711431484
studentsculpture.bmp,3,wn,4,0.4375,53.384238692346166
studentsculpture.bmp,3,wn,5,1.996094,67.62262484027339
woman.bmp,3,wn,1,0.015625,19.51728628082142
woman.bmp,3,wn,2,0.046875,33.543367516079435
woman.bmp,3,wn,3,0.15625,44.94526980494271
woman.bmp,3,wn,4,0.21875,50.45216516236562
woman.bmp,3,wn,5,1.996094,70.5276596420764
womanhat.bmp,3,wn,1,0.019531,25.012717091812114
womanhat.bmp,3,wn,2,0.039063,37.35766474591758
womanhat.bmp,3,wn,3,0.09375,45.16431625694513
womanhat.bmp,3,wn,4,0.136719,48.95462394077779
womanhat.bmp,3,wn,5,1.0,67.5793466034861
bikes.bmp,4,gblur,1,0.619759,22.234477454208136
bikes.bmp,4,gblur,2,0.906218,30.475004910450938
bikes.bmp,4,gblur,3,0.96351,29.947983790473323
bikes.bmp,4,gblur,4,1.307261,41.73492240913701
bikes.bmp,4,gblur,5,2.624972,55.87531129028216
building2.bmp,4,gblur,1,0.533821,19.944546516952613
building2.bmp,4,gblur,2,0.72002,28.869078182448074
building2.bmp,4,gblur,3,0.934864,36.572908004066235
building2.bmp,4,gblur,4,1.164031,40.970800691725266
building2.bmp,4,gblur,5,2.052054,56.71042207890489
buildings.bmp,4,gblur,1,0.562467,23.40103451443918
buildings.bmp,4,gblur,2,0.848926,29.186591198054412
buildings.bmp,4,gblur,3,0.934864,33.33511312508796
buildings.bmp,4,gblur,4,1.536428,46.68926805929724
buildings.bmp,4,gblur,5,2.624972,56.17541354782445
caps.bmp,4,gblur,1,0.677051,24.647640917972566
caps.bmp,4,gblur,2,1.164031,40.79744662150747
caps.bmp,4,gblur,3,1.708303,54.14973576761499
caps.bmp,4,gblur,4,3.083306,60.83318137615688
caps.bmp,4,gblur,5,5.833312,69.15498279346312
carnivaldolls.bmp,4,gblur,1,0.505175,19.713146226260495
carnivaldolls.bmp,4,gblur,2,0.877572,32.44451117849036
carnivaldolls.bmp,4,gblur,3,1.278615,41.65138653194293
carnivaldolls.bmp,4,gblur,4,1.765595,51.567496049237256
carnivaldolls.bmp,4,gblur,5,2.854139,63.27262872262177
cemetry.bmp,4,gblur,1,0.619759,30.870535534840158
cemetry.bmp,4,gblur,2,0.762988,33.81920938244369
cemetry.bmp,4,gblur,3,0.96351,41.97731378997512
cemetry.bmp,4,gblur,4,1.249969,45.65957934684874
cemetry.bmp,4,gblur,5,2.166638,60.09726608656661
churchandcapitol.bmp,4,gblur,1,0.734343,30.953530683278736
churchandcapitol.bmp,4,gblur,2,0.906218,36.69893153696868
churchandcapitol.bmp,4,gblur,3,1.249969,46.44808207928415
churchandcapitol.bmp,4,gblur,4,1.565074,55.06486273195787
churchandcapitol.bmp,4,gblur,5,7.66665,82.28872006727453
coinsinfountain.bmp,4,gblur,1,0.562467,22.413870437463135
coinsinfountain.bmp,4,gblur,2,0.848926,27.209390295891918
coinsinfountain.bmp,4,gblur,3,1.45049,45.338886723226786
coinsinfountain.bmp,4,gblur,4,1.708303,50.20470317181026
coinsinfountain.bmp,4,gblur,5,2.510388,57.152442981073094
dancers.bmp,4,gblur,1,0.562467,23.62677772463725
dancers.bmp,4,gblur,2,0.906218,38.39024208204622
dancers.bmp,4,gblur,3,0.96351,43.83337619048746
dancers.bmp,4,gblur,4,1.479136,54.393671891825576
dancers.bmp,4,gblur,5,2.166638,59.65124686010489
flowersonih35.bmp,4,gblur,1,0.447884,22.60390150476486
flowersonih35.bmp,4,gblur,2,0.762988,37.18805804002539
flowersonih35.bmp,4,gblur,3,0.891895,40.281254491939656
flowersonih35.bmp,4,gblur,4,1.135385,52.8581343666631
flowersonih35.bmp,4,gblur,5,2.624972,67.1801054018408
house.bmp,4,gblur,1,0.533821,25.621121132952435
house.bmp,4,gblur,2,0.992156,35.05830695432234
house.bmp,4,gblur,3,1.049447,37.224948275998834
house.bmp,4,gblur,4,1.393198,43.275131761734585
house.bmp,4,gblur,5,3.999975,67.05636897113352
lighthouse.bmp,4,gblur,1,0.447884,21.652387922056107
lighthouse.bmp,4,gblur,2,0.82028,32.998157461121515
lighthouse.bmp,4,gblur,3,1.135385,41.87691578840591
lighthouse.bmp,4,gblur,4,1.479136,49.99575757714087
lighthouse.bmp,4,gblur,5,14.999972,84.48897153621613
lighthouse2.bmp,4,gblur,1,0.591113,26.27587739563282
lighthouse2.bmp,4,gblur,2,1.078093,41.05616826836822
lighthouse2.bmp,4,gblur,3,1.278615,47.71158036037685
lighthouse2.bmp,4,gblur,4,1.59372,55.713789858870115
lighthouse2.bmp,4,gblur,5,2.739555,64.71324189989232
manfishing.bmp,4,gblur,1,0.505175,24.513675278705417
manfishing.bmp,4,gblur,2,0.791634,33.14363342907686
manfishing.bmp,4,gblur,3,1.106739,46.037528023119386
manfishing.bmp,4,gblur,4,1.822887,58.825421392711746
manfishing.bmp,4,gblur,5,2.166638,62.410386140190816
monarch.bmp,4,gblur,1,0.906218,23.235457379510514
monarch.bmp,4,gblur,2,1.708303,40.40106473146633
monarch.bmp,4,gblur,3,1.851533,41.81571819190511
monarch.bmp,4,gblur,4,2.854139,52.476834496696036
monarch.bmp,4,gblur,5,11.333325,75.92450157535032
ocean.bmp,4,gblur,1,0.562467,24.38255665342359
ocean.bmp,4,gblur,2,0.791634,28.226852237620903
ocean.bmp,4,gblur,3,1.078093,39.238128848250184
ocean.bmp,4,gblur,4,1.479136,50.58724397755238
ocean.bmp,4,gblur,5,5.833312,77.0118641078761
paintedhouse.bmp,4,gblur,1,0.562467,21.829091767392
paintedhouse.bmp,4,gblur,2,0.949187,34.979893570930216
paintedhouse.bmp,4,gblur,3,1.249969,42.07092681085049
paintedhouse.bmp,4,gblur,4,1.421844,44.616159557027885
paintedhouse.bmp,4,gblur,5,7.66665,78.57666525276662
parrots.bmp,4,gblur,1,0.791634,25.06544466838626
parrots.bmp,4,gblur,2,1.249969,36.5850812146053
parrots.bmp,4,gblur,3,2.166638,49.19106010174272
parrots.bmp,4,gblur,4,3.999975,63.86249522881483
parrots.bmp,4,gblur,5,7.66665,72.81132894521068
plane.bmp,4,gblur,1,0.562467,20.809235573080496
plane.bmp,4,gblur,2,1.078093,36.651323953230474
plane.bmp,4,gblur,3,1.708303,48.03858521435035
plane.bmp,4,gblur,4,3.312473,59.82513779423124
plane.bmp,4,gblur,5,4.916644,66.84060107231909
rapids.bmp,4,gblur,1,0.562467,25.179301933048652
rapids.bmp,4,gblur,2,0.791634,30.140205811101758
rapids.bmp,4,gblur,3,1.020802,44.71956079929084
rapids.bmp,4,gblur,4,1.421844,53.13733444795941
rapids.bmp,4,gblur,5,7.66665,80.08185242408946
sailing1.bmp,4,gblur,1,0.591113,23.123193096948434
sailing1.bmp,4,gblur,2,0.734343,30.402052114441062
sailing1.bmp,4,gblur,3,1.078093,39.71115995972173
sailing1.bmp,4,gblur,4,1.249969,47.06165651678819
sailing1.bmp,4,gblur,5,2.166638,62.85753622175301
sailing2.bmp,4,gblur,1,0.734343,27.160944562526538
sailing2.bmp,4,gblur,2,1.078093,40.21682295561454
sailing2.bmp,4,gblur,3,1.421844,45.72421426233743
sailing2.bmp,4,gblur,4,2.166638,53.4798260611554
sailing2.bmp,4,gblur,5,11.333325,81.39075601848249
sailing3.bmp,4,gblur,1,0.562467,26.669369981522706
sailing3.bmp,4,gblur,2,0.96351,37.43657777600951
sailing3.bmp,4,gblur,3,1.45049,49.396519730786544
sailing3.bmp,4,gblur,4,2.510388,60.09570927918292
sailing3.bmp,4,gblur,5,3.541641,66.3321937439254
sailing4.bmp,4,gblur,1,0.677051,30.698135948719578
sailing4.bmp,4,gblur,2,0.791634,31.005705953226382
sailing4.bmp,4,gblur,3,1.049447,39.24460142981521
sailing4.bmp,4,gblur,4,1.507782,50.14722393990888
sailing4.bmp,4,gblur,5,3.999975,68.43497242784876
statue.bmp,4,gblur,1,0.848926,27.858361840068415
statue.bmp,4,gblur,2,1.307261,39.57008513087928
statue.bmp,4,gblur,3,1.822887,52.210786947266875
statue.bmp,4,gblur,4,2.166638,55.19597312450631
statue.bmp,4,gblur,5,3.999975,66.07056502909931
stream.bmp,4,gblur,1,0.419238,22.501125265298416
stream.bmp,4,gblur,2,0.762988,32.43798324799404
stream.bmp,4,gblur,3,0.834603,35.883758592277594
stream.bmp,4,gblur,4,1.020802,44.60861754215323
stream.bmp,4,gblur,5,3.083306,66.90420924161855
studentsculpture.bmp,4,gblur,1,0.533821,22.80333289229401
studentsculpture.bmp,4,gblur,2,0.677051,27.532661536017788
studentsculpture.bmp,4,gblur,3,1.020802,40.13275845852154
studentsculpture.bmp,4,gblur,4,1.364552,46.89440866176151
studentsculpture.bmp,4,gblur,5,1.651011,52.56069129864255
woman.bmp,4,gblur,1,0.648405,23.87507059399361
woman.bmp,4,gblur,2,0.934864,37.84717528669362
woman.bmp,4,gblur,3,1.020802,38.6747713027579
woman.bmp,4,gblur,4,1.651011,55.50823592676681
woman.bmp,4,gblur,5,2.052054,60.0259719900808
womanhat.bmp,4,gblur,1,0.677051,23.14163087157064
womanhat.bmp,4,gblur,2,1.020802,27.75871955510981
womanhat.bmp,4,gblur,3,1.479136,36.8973112735544
womanhat.bmp,4,gblur,4,1.93747,46.88524261173885
womanhat.bmp,4,gblur,5,3.541641,59.42960210279069
bikes.bmp,5,fastfading,1,16.5,74.02538179364083
bikes.bmp,5,fastfading,2,18.9,46.69234531378946
bikes.bmp,5,fastfading,3,20.3,35.59452200040411
bikes.bmp,5,fastfading,4,22.7,22.554290713321798
bikes.bmp,5,fastfading,5,25.1,44.684429870826605
building2.bmp,5,fastfading,1,16.5,65.45383851704682
building2.bmp,5,fastfading,2,18.9,75.7558909540007
building2.bmp,5,fastfading,3,20.3,44.84198668874369
building2.bmp,5,fastfading,4,22.7,22.907287648296585
building2.bmp,5,fastfading,5,26.1,25.74324917886052
buildings.bmp,5,fastfading,1,16.5,50.61844789683425
buildings.bmp,5,fastfading,2,17.9,58.85341168013779
buildings.bmp,5,fastfading,3,20.3,56.51507879283675
buildings.bmp,5,fastfading,4,22.7,68.30919108956431
buildings.bmp,5,fastfading,5,26.1,21.16647786107046
caps.bmp,5,fastfading,1,15.5,69.00738835274029
caps.bmp,5,fastfading,2,18.9,60.05538598092039
caps.bmp,5,fastfading,3,20.3,50.70893478391373
caps.bmp,5,fastfading,4,23.7,34.452727420972266
caps.bmp,5,fastfading,5,25.1,42.48963528480122
carnivaldolls.bmp,5,fastfading,1,16.5,51.598912685764695
carnivaldolls.bmp,5,fastfading,2,18.9,38.387770590922344
carnivaldolls.bmp,5,fastfading,3,20.3,55.53380231585767
carnivaldolls.bmp,5,fastfading,4,22.7,21.989942428231444
carnivaldolls.bmp,5,fastfading,5,26.1,23.9204494089335
cemetry.bmp,5,fastfading,1,15.5,74.84023976789214
cemetry.bmp,5,fastfading,2,17.9,61.57439855567809
cemetry.bmp,5,fastfading,3,20.3,51.50982039992107
cemetry.bmp,5,fastfading,4,22.7,21.24550718918256
cemetry.bmp,5,fastfading,5,25.1,66.50936890603413
churchandcapitol.bmp,5,fastfading,1,15.5,76.97080689505654
churchandcapitol.bmp,5,fastfading,2,18.9,75.00164167515752
churchandcapitol.bmp,5,fastfading,3,21.3,25.039342654439164
churchandcapitol.bmp,5,fastfading,4,22.7,26.334531585561763
churchandcapitol.bmp,5,fastfading,5,26.1,38.99377494533439
coinsinfountain.bmp,5,fastfading,1,16.5,60.20396230395742
coinsinfountain.bmp,5,fastfading,2,18.9,58.27823032567312
coinsinfountain.bmp,5,fastfading,3,21.3,56.94935356368719
coinsinfountain.bmp,5,fastfading,4,23.7,28.709063084340386
coinsinfountain.bmp,5,fastfading,5,25.1,23.994366782488648
dancers.bmp,5,fastfading,1,16.5,54.413686833834596
dancers.bmp,5,fastfading,2,17.9,47.849953964607174
dancers.bmp,5,fastfading,3,21.3,63.25450438305444
dancers.bmp,5,fastfading,4,23.7,40.68903262975969
dancers.bmp,5,fastfading,5,26.1,29.21077712955032
flowersonih35.bmp,5,fastfading,1,16.5,48.059379456363054
flowersonih35.bmp,5,fastfading,2,18.9,71.74686317259881
flowersonih35.bmp,5,fastfading,3,20.3,34.17122363638728
flowersonih35.bmp,5,fastfading,4,23.7,36.02501784649157
flowersonih35.bmp,5,fastfading,5,25.1,25.924933011386777
house.bmp,5,fastfading,1,16.5,73.00077914043769
house.bmp,5,fastfading,2,17.9,29.550849404812872
house.bmp,5,fastfading,3,20.3,37.71485967708266
house.bmp,5,fastfading,4,22.7,22.882540385998958
house.bmp,5,fastfading,5,26.1,22.801778179077623
lighthouse.bmp,5,fastfading,1,16.5,48.62980020738564
lighthouse.bmp,5,fastfading,2,17.9,63.51936093738853
lighthouse.bmp,5,fastfading,3,20.3,38.631637263321714
lighthouse.bmp,5,fastfading,4,23.7,43.357660486497814
lighthouse.bmp,5,fastfading,5,26.1,50.29223218246293
lighthouse2.bmp,5,fastfading,1,16.5,53.82623745271187
lighthouse2.bmp,5,fastfading,2,18.9,49.57856814402739
lighthouse2.bmp,5,fastfading,3,21.3,48.51290494846874
lighthouse2.bmp,5,fastfading,4,23.7,34.275406961300426
lighthouse2.bmp,5,fastfading,5,26.1,21.861082780197286
manfishing.bmp,5,fastfading,1,16.5,51.201814535488495
manfishing.bmp,5,fastfading,2,18.9,55.75483745256088
manfishing.bmp,5,fastfading,3,20.3,40.29495291275945
manfishing.bmp,5,fastfading,4,23.7,25.113564885030108
manfishing.bmp,5,fastfading,5,26.1,21.01374189782256
monarch.bmp,5,fastfading,1,15.5,54.178036360181906
monarch.bmp,5,fastfading,2,17.9,44.6232087020917
monarch.bmp,5,fastfading,3,21.3,32.19273641933354
monarch.bmp,5,fastfading,4,23.7,20.513561863281172
monarch.bmp,5,fastfading,5,26.1,21.877023873740548
ocean.bmp,5,fastfading,1,16.5,52.17093178292307
ocean.bmp,5,fastfading,2,18.9,46.11334734203969
ocean.bmp,5,fastfading,3,20.3,64.48012752171866
ocean.bmp,5,fastfading,4,23.7,52.843066955595795
ocean.bmp,5,fastfading,5,25.1,19.880777773284784
paintedhouse.bmp,5,fastfading,1,16.5,61.71215263698652
paintedhouse.bmp,5,fastfading,2,18.9,52.53970356037682
paintedhouse.bmp,5,fastfading,3,21.3,43.52277520373929
paintedhouse.bmp,5,fastfading,4,23.7,47.884829376743305
paintedhouse.bmp,5,fastfading,5,26.1,24.33354975351484
parrots.bmp,5,fastfading,1,16.5,44.064011873576916
parrots.bmp,5,fastfading,2,17.9,50.09550072096695
parrots.bmp,5,fastfading,3,21.3,20.658669914588216
parrots.bmp,5,fastfading,4,23.7,28.426551837130564
parrots.bmp,5,fastfading,5,25.1,18.384752812502445
plane.bmp,5,fastfading,1,15.5,45.106983471690555
plane.bmp,5,fastfading,2,18.9,60.2895726777077
plane.bmp,5,fastfading,3,20.3,71.87112528783484
plane.bmp,5,fastfading,4,23.7,21.936143181102107
plane.bmp,5,fastfading,5,26.1,24.784801599023076
rapids.bmp,5,fastfading,1,15.5,73.01922493600642
rapids.bmp,5,fastfading,2,17.9,43.343933783899175
rapids.bmp,5,fastfading,3,20.3,42.88348282361818
rapids.bmp,5,fastfading,4,23.7,49.28064464317524
rapids.bmp,5,fastfading,5,25.1,20.37669295822947
sailing1.bmp,5,fastfading,1,15.5,71.89723736681489
sailing1.bmp,5,fastfading,2,17.9,57.61656847253532
sailing1.bmp,5,fastfading,3,21.3,28.56515376187798
sailing1.bmp,5,fastfading,4,22.7,51.33216624755064
sailing1.bmp,5,fastfading,5,25.1,53.85493110320889
sailing2.bmp,5,fastfading,1,16.5,47.868478423392304
sailing2.bmp,5,fastfading,2,17.9,56.93055184204178
sailing2.bmp,5,fastfading,3,20.3,47.92923240509558
sailing2.bmp,5,fastfading,4,23.7,35.91915649580256
sailing2.bmp,5,fastfading,5,26.1,33.230603831873566
sailing3.bmp,5,fastfading,1,15.5,58.49412910216877
sailing3.bmp,5,fastfading,2,18.9,28.610335372582234
sailing3.bmp,5,fastfading,3,21.3,28.619708664613675
sailing3.bmp,5,fastfading,4,23.7,21.63835685637893
sailing3.bmp,5,fastfading,5,25.1,21.859096004377534
sailing4.bmp,5,fastfading,1,16.5,57.78625829863313
sailing4.bmp,5,fastfading,2,17.9,46.972494017952975
sailing4.bmp,5,fastfading,3,21.3,36.7992661412233
sailing4.bmp,5,fastfading,4,22.7,48.94357164504853
sailing4.bmp,5,fastfading,5,26.1,36.06660548802792
statue.bmp,5,fastfading,1,16.5,58.158764730827215
statue.bmp,5,fastfading,2,17.9,43.11096125865286
statue.bmp,5,fastfading,3,20.3,22.608524495279426
statue.bmp,5,fastfading,4,23.7,27.852833569295854
statue.bmp,5,fastfading,5,25.1,22.747843329161174
stream.bmp,5,fastfading,1,16.5,55.14997767965747
stream.bmp,5,fastfading,2,18.9,22.721953089662765
stream.bmp,5,fastfading,3,20.3,25.561422349359365
stream.bmp,5,fastfading,4,23.7,25.762151987410718
stream.bmp,5,fastfading,5,26.1,20.657547226432058
studentsculpture.bmp,5,fastfading,1,16.5,65.1444765118089
studentsculpture.bmp,5,fastfading,2,17.9,73.67472823425321
studentsculpture.bmp,5,fastfading,3,20.3,49.40942469645501
studentsculpture.bmp,5,fastfading,4,23.7,24.163027793216003
studentsculpture.bmp,5,fastfading,5,26.1,24.81676818416552
woman.bmp,5,fastfading,1,15.5,60.18761196298745
woman.bmp,5,fastfading,2,17.9,59.03672673178852
woman.bmp,5,fastfading,3,21.3,28.232750641667195
woman.bmp,5,fastfading,4,22.7,22.34725068046415
woman.bmp,5,fastfading,5,26.1,67.23643559807651
womanhat.bmp,5,fastfading,1,16.5,44.67319601003713
womanhat.bmp,5,fastfading,2,18.9,40.449993660181754
womanhat.bmp,5,fastfading,3,21.3,30.5516305767306
womanhat.bmp,5,fastfading,4,23.7,27.4964852724678
womanhat.bmp,5,fastfading,5,25.1,47.9970182401831
